service_id,cost
0,0.4315
1,0.7575
2,0.577
3,0.5454
4,0.5053
5,0.4829
6,0.4645
7,0.6405
8,0.536
9,0.5229
10,0.4632
11,0.7892
12,0.4837
13,0.4443
14,0.3689
15,0.4575
16,0.452
17,0.4746
18,0.4943
19,0.5205
20,0.5542
21,0.4612
22,0.519
23,0.5252
24,0.5039
25,0.5995
26,0.517
27,0.5427
28,0.4965
29,0.502
30,0.5466
31,0.4516
32,0.4933
33,0.7483
34,0.6621
35,0.6057
36,0.4767
37,0.458
38,0.5195
39,0.4948
40,0.3664
41,0.3198
42,0.2674
43,0.6428
44,0.4788
45,0.5655
46,0.5233
47,0.5422
48,0.4919
49,0.5023
50,0.8365
51,0.5811
52,0.6687
53,0.6359
54,0.5174
55,0.7001
56,0.4754
57,0.5121
58,0.4704
59,0.5147
60,0.4992
61,0.4785
62,0.5814
63,0.4775
64,0.4956
65,0.5034
66,0.2568
67,0.5181
68,0.4864
69,0.8859
70,0.5542
71,0.4839
72,0.1856
73,0.5628
74,0.5224
75,0.54
76,0.5437
77,0.4224
78,0.4944
79,0.4723
80,0.5896
81,0.5028
82,0.4599
83,0.4637
84,0.4769
85,0.5077
86,0.5353
87,0.5683
88,0.6679
89,0.5463
90,0.5026
91,0.5986
92,0.4137
93,0.3962
94,0.4451
95,0.4006
96,0.4922
97,0.4138
98,0.3828
99,0.4728
100,0.4671
101,0.1527
102,0.1272
103,0.5197
104,0.6807
105,0.5055
106,0.5003
107,0.5826
108,0.4992
109,0.5132
110,0.5423
111,0.5256
112,0.6984
113,0.5973
114,0.5239
115,0.4987
116,0.5521
117,0.4851
118,0.6454
119,0.5374
120,0.1883
121,0.5863
122,0.4786
123,0.5224
124,0.5314
125,0.515
126,0.6246
127,0.6461
128,0.5137
129,0.4644
130,0.5047
131,0.5018
132,0.4625
133,0.1652
134,0.7541
135,0.1626
136,0.5255
137,0.5482
138,0.4994
139,0.8762
140,0.7141
141,0.4944
142,0.5475
143,0.5266
144,0.5037
145,0.4829
146,0.5588
147,0.5461
148,0.4734
149,0.5026
150,0.6582
151,0.112
152,0.4961
153,0.5124
154,0.9331
155,0.503
156,0.5383
157,0.4782
158,0.5134
159,0.4666
160,0.4978
161,0.5314
162,0.5428
163,0.5203
164,0.5181
165,0.6319
166,0.5176
167,0.442
168,0.5027
169,0.5508
170,0.5882
171,0.4187
172,0.5273
173,0.4751
174,0.5183
175,0.4418
176,0.5273
177,0.4542
178,0.6543
179,0.4446
180,0.5042
181,0.4371
182,0.6393
183,0.6322
184,0.4306
185,0.5192
186,0.5982
187,0.4852
188,0.4763
189,0.452
190,0.4603
191,0.623
192,0.6303
193,0.5234
194,0.4583
195,0.4492
196,0.5395
197,0.6184
198,0.2606
199,0.5439
200,0.5197
201,0.0949
202,0.4644
203,0.6361
204,0.5137
205,0.4156
206,0.4631
207,0.524
208,0.4611
209,0.4408
210,0.5217
211,0.5844
212,0.5758
213,0.4912
214,0.5828
215,0.4483
216,0.4973
217,0.5796
218,0.3157
219,0.4648
220,0.4473
221,0.455
222,0.4318
223,0.4743
224,0.4753
225,0.1438
226,0.8041
227,0.4972
228,0.6309
229,0.539
230,0.5906
231,0.5281
232,0.5477
233,0.1419
234,0.487
235,0.5819
236,0.5249
237,0.1092
238,0.5423
239,0.52
240,0.7512
241,0.3641
242,0.6738
243,0.5393
244,0.5133
245,0.7256
246,0.5438
247,0.8412
248,0.821
249,0.6439
250,0.5285
251,0.5394
252,0.6442
253,0.5353
254,0.1016
255,0.5285
256,0.7445
257,0.5856
258,0.5613
259,0.5237
260,0.5677
261,0.9667
262,0.527
263,0.5563
264,0.663
265,0.5956
266,0.5881
267,0.5886
268,0.5427
269,0.5369
270,0.6249
271,0.6227
272,0.6614
273,0.2718
274,0.529
275,0.5511
276,0.6177
277,0.1353
278,0.5567
279,0.617
280,0.6771
281,0.5385
282,0.5418
283,0.5263
284,0.5651
285,0.5197
286,0.5524
287,0.5596
288,0.538
289,0.5664
290,0.5205
291,0.5198
292,0.6299
293,0.0949
294,0.492
295,0.5609
296,0.6133
297,0.5328
298,0.574
299,0.0726
300,0.4951
301,0.5619
302,0.5622
303,0.5729
304,0.5958
305,0.9021
306,0.5554
307,0.536
308,0.6175
309,0.5357
310,0.5525
311,0.521
312,0.519
313,0.8272
314,0.6376
315,0.5867
316,0.5435
317,0.0663
318,0.08
319,0.0956
320,0.1263
321,0.1646
322,0.3383
323,0.3896
324,0.6862
325,0.183
326,0.4382
327,0.4869
328,0.474
329,0.4705
330,0.4895
331,0.5639
332,0.4906
333,0.4961
334,0.4992
335,0.498
336,0.6358
337,0.1571
338,0.509
339,0.5093
340,0.5432
341,0.5474
342,0.5262
343,0.5462
344,0.5436
345,0.5711
346,0.5738
347,0.5211
348,0.5419
349,0.5723
350,0.5571
351,0.6526
352,0.5791
353,0.5271
354,0.5211
355,0.5743
356,0.5186
357,0.5639
358,0.753
359,0.5653
360,0.5438
361,0.5782
362,0.551
363,0.5604
364,0.7511
365,0.5424
366,0.8061
367,0.6952
368,0.5295
369,0.5225
370,0.5227
371,0.5204
372,0.5216
373,0.5828
374,0.5207
375,0.5343
376,0.6425
377,0.518
378,0.6266
379,0.5348
380,0.5214
381,0.587
382,0.5718
383,0.6657
384,0.1239
385,0.5873
386,0.5356
387,0.5276
388,0.6038
389,0.6231
390,0.9656
391,0.5429
392,0.5434
393,0.6106
394,0.5389
395,0.7288
396,0.1696
397,0.5126
398,0.6037
399,0.6032
400,0.5232
401,0.2047
402,0.0533
403,0.1311
404,0.0347
405,0.6485
406,0.5423
407,0.5165
408,0.1981
409,0.4903
410,0.0421
411,0.7454
412,0.2905
413,0.0517
414,0.5407
415,0.5493
416,0.0492
417,0.03
418,0.1073
419,0.4486
420,0.1432
421,0.5179
422,0.4035
423,0.4233
424,0.0636
425,0.0852
426,0.3966
427,0.5886
428,0.4733
429,0.0608
430,0.0443
431,0.4946
432,0.5274
433,0.4944
434,0.0543
435,0.1054
436,0.0414
437,0.1544
438,0.5258
439,0.5032
440,0.0683
441,0.4969
442,0.5012
443,0.0984
444,0.1674
445,0.3168
446,0.9382
447,0.6075
448,0.5448
449,0.5246
450,0.2144
451,0.1531
452,0.1461
453,0.2965
454,0.4937
455,0.159
456,0.1025
457,0.5431
458,0.5309
459,0.1003
460,0.1068
461,0.5691
462,0.1835
463,0.5451
464,0.4008
465,0.1163
466,0.5091
467,0.2372
468,0.1102
469,0.8004
470,0.5273
471,0.4395
472,0.5124
473,0.6886
474,0.1363
475,0.9416
476,0.5326
477,0.1486
478,0.4369
479,0.1409
480,0.561
481,0.5932
482,0.5599
483,0.1588
484,0.5437
485,0.7015
486,0.53
487,0.1212
488,0.7663
489,0.6871
490,0.5565
491,0.1589
492,0.5174
493,0.1154
494,0.5409
495,0.1253
496,0.5516
497,0.1088
498,0.8791
499,0.9755
500,0.1717
501,0.5428
502,0.121
503,0.2135
504,0.5667
505,0.3409
506,0.6647
507,0.5999
508,0.7743
509,0.5784
510,0.5508
511,0.5213
512,0.7208
513,0.64
514,0.5112
515,0.5443
516,0.5281
517,0.6094
518,0.9527
519,0.5126
520,0.5572
521,0.53
522,0.8474
523,0.6288
524,0.6241
525,0.5369
526,0.5378
527,0.5195
528,0.3438
529,0.616
530,0.6148
531,0.9568
532,0.9577
533,0.5253
534,0.6037
535,0.7566
536,0.6117
537,0.5354
538,0.5536
539,0.4871
540,0.795
541,0.5735
542,0.5068
543,0.5839
544,0.5279
545,0.5295
546,0.5139
547,0.5387
548,0.5351
549,0.5986
550,0.5513
551,0.6067
552,0.5563
553,0.5204
554,0.6175
555,0.5314
556,0.4828
557,0.5368
558,0.5741
559,0.5377
560,0.5819
561,0.4866
562,0.5097
563,0.5047
564,0.5232
565,0.5267
566,0.4991
567,0.5453
568,0.424
569,0.4824
570,0.5191
571,0.5552
572,0.388
573,0.189
574,0.6223
575,0.3363
576,0.4953
577,0.6804
578,0.5131
579,0.4967
580,0.5094
581,0.9094
582,0.3359
583,0.4973
584,0.538
585,0.5024
586,0.4614
587,0.4849
588,0.4779
589,0.4907
590,0.4731
591,0.5256
592,0.4958
593,0.1193
594,0.2994
595,0.168
596,0.5414
597,0.485
598,0.4897
599,0.3636
600,0.407
601,0.4804
602,0.4989
603,0.473
604,0.509
605,0.5325
606,0.5104
607,0.4733
608,0.5375
609,0.5698
610,0.5057
611,0.5731
612,0.508
613,0.4864
614,0.6303
615,0.6693
616,0.4951
617,0.4667
618,0.5651
619,0.55
620,0.4271
621,0.4998
622,0.5117
623,0.5249
624,0.544
625,0.4316
626,0.5288
627,0.6028
628,0.5297
629,0.5343
630,0.5665
631,0.6574
632,0.5298
633,0.5359
634,0.5307
635,0.5137
636,0.5375
637,0.5031
638,0.5494
639,0.5266
640,0.5005
641,0.5107
642,0.5738
643,0.5133
644,0.1645
645,0.6014
646,0.5008
647,0.5659
648,0.5197
649,0.5202
650,0.4885
651,0.5335
652,0.5333
653,0.5674
654,0.5206
655,0.499
656,0.5418
657,0.5161
658,0.5503
659,0.5364
660,0.4632
661,0.9415
662,0.5307
663,0.509
664,0.5046
665,0.5076
666,0.5102
667,0.5062
668,0.507
669,0.5152
670,0.3893
671,0.6169
672,0.432
673,0.5392
674,0.4927
675,0.9514
676,0.5075
677,0.4737
678,0.6648
679,0.5967
680,0.5845
681,0.5093
682,0.5009
683,0.5534
684,0.7038
685,0.518
686,0.5373
687,0.5087
688,0.5783
689,0.5019
690,0.4699
691,0.5218
692,0.5284
693,0.5052
694,0.4993
695,0.4675
696,0.4545
697,0.5443
698,0.4496
699,0.5385
700,0.4549
701,0.4875
702,0.5045
703,0.4906
704,0.4883
705,0.8877
706,0.5137
707,0.5307
708,0.5166
709,0.4591
710,0.5755
711,0.4559
712,0.5148
713,0.5088
714,0.4975
715,0.7083
716,0.549
717,0.7251
718,0.4463
719,0.5718
720,0.6634
721,0.507
722,0.4573
723,0.5757
724,0.5431
725,0.6187
726,0.4337
727,0.5809
728,0.5115
729,0.5074
730,0.4333
731,0.6082
732,0.5622
733,0.4683
734,0.5019
735,0.5959
736,0.4898
737,0.5285
738,0.4661
739,0.461
740,0.4596
741,0.4399
742,0.5051
743,0.5132
744,0.3279
745,0.6141
746,0.4765
747,0.5446
748,0.6194
749,0.4949
750,0.498
751,0.6903
752,0.5026
753,0.4594
754,0.4627
755,0.523
756,0.5019
757,0.4667
758,0.6575
759,0.4917
760,0.4419
761,0.369
762,0.3888
763,0.4356
764,0.4266
765,0.5422
766,0.5192
767,0.5663
768,0.4156
769,0.6096
770,0.376
771,0.5627
772,0.4536
773,0.0914
774,0.5869
775,0.4376
776,0.4121
777,0.5731
778,0.4797
779,0.4555
780,0.4974
781,0.4719
782,0.442
783,0.5192
784,0.4604
785,0.6809
786,0.4576
787,0.5168
788,0.4765
789,0.6948
790,0.5118
791,0.4267
792,0.4629
793,0.3606
794,0.4519
795,0.6302
796,0.6665
797,0.4577
798,0.5067
799,0.6465
800,0.4828
801,0.0761
802,0.5172
803,0.4935
804,0.4653
805,0.5347
806,0.6364
807,0.6061
808,0.4794
809,0.4349
810,0.9035
811,0.5466
812,0.4267
813,0.6184
814,0.5546
815,0.4681
816,0.227
817,0.0526
818,0.3673
819,0.4636
820,0.5482
821,0.455
822,0.4602
823,0.1554
824,0.4798
825,0.6476
826,0.4644
827,0.4418
828,0.4692
829,0.4247
830,0.469
831,0.457
832,0.3811
833,0.3545
834,0.4751
835,0.4453
836,0.6239
837,0.4286
838,0.486
839,0.4888
840,0.3458
841,0.5025
842,0.1299
843,0.6972
844,0.453
845,0.4394
846,0.4614
847,0.8946
848,0.4809
849,0.5022
850,0.0443
851,0.4388
852,0.4616
853,0.6198
854,0.448
855,0.4436
856,0.4507
857,0.4865
858,0.1458
859,0.4327
860,0.4945
861,0.4922
862,0.4638
863,0.1332
864,0.1252
865,0.1455
866,0.1114
867,0.1086
868,0.2365
869,0.3504
870,0.1267
871,0.1144
872,0.157
873,0.128
874,0.1034
875,0.1081
876,0.1731
877,0.1567
878,0.099
879,0.1086
880,0.1106
881,0.1628
882,0.1001
883,0.1051
884,0.2013
885,0.1093
886,0.1579
887,0.1128
888,0.1034
889,0.1119
890,0.1737
891,0.2301
892,0.2134
893,0.4734
894,0.505
895,0.5168
896,0.5233
897,0.6329
898,0.5066
899,0.501
900,0.5068
901,0.4531
902,0.4474
903,0.5136
904,0.5003
905,0.6705
906,0.6189
907,0.4974
908,0.4846
909,0.45
910,0.5208
911,0.4903
912,0.5251
913,0.498
914,0.5516
915,0.5381
916,0.4821
917,0.7666
918,0.5482
919,0.4926
920,0.6205
921,0.5266
922,0.5184
923,0.5919
924,0.5467
925,0.4881
926,0.572
927,0.4628
928,0.5679
929,0.5308
930,0.4818
931,0.5825
932,0.9652
933,0.502
934,0.4673
935,0.5264
936,0.47
937,0.6782
938,0.4568
939,0.505
940,0.4889
941,0.5086
942,0.5467
943,0.5798
944,0.4616
945,0.4656
946,0.0771
947,0.6458
948,0.5923
949,0.5083
950,0.5331
951,0.5153
952,0.4877
953,0.6523
954,0.499
955,0.4919
956,0.5386
957,0.4706
958,0.514
959,0.5438
960,0.4835
961,0.6302
962,0.5534
963,0.5327
964,0.4882
965,0.0537
966,0.5488
967,0.498
968,0.5188
969,0.5143
970,0.543
971,0.7054
972,0.542
973,0.4822
974,0.4778
975,0.4994
976,0.3061
977,0.5085
978,0.5035
979,0.5516
980,0.4844
981,0.5739
982,0.4834
983,0.5019
984,0.5493
985,0.461
986,0.5812
987,0.487
988,0.4667
989,0.5843
990,0.5534
991,0.3826
992,0.3993
993,0.4303
994,0.4109
995,0.3923
996,0.672
997,0.4764
998,0.7263
999,0.4961
1000,0.4922
1001,0.1822
1002,0.6297
1003,0.5592
1004,0.5789
1005,0.5322
1006,0.5376
1007,0.5702
1008,0.4802
1009,0.5212
1010,0.4775
1011,0.8898
1012,0.7264
1013,0.4423
1014,0.5302
1015,0.6836
1016,0.4759
1017,0.5158
1018,0.6562
1019,0.4669
1020,0.5458
1021,0.5015
1022,0.6681
1023,0.824
1024,0.7176
1025,0.501
1026,0.5952
1027,0.4439
1028,0.4907
1029,0.57
1030,0.4652
1031,0.5664
1032,0.5219
1033,0.5145
1034,0.384
1035,0.5461
1036,0.4898
1037,0.5874
1038,0.5167
1039,0.4865
1040,0.5495
1041,0.6077
1042,0.1173
1043,0.5282
1044,0.6414
1045,0.5216
1046,0.4506
1047,0.4711
1048,0.6074
1049,0.435
1050,0.6458
1051,0.5409
1052,0.73
1053,0.5994
1054,0.9463
1055,0.1527
1056,0.2289
1057,0.1548
1058,0.1723
1059,0.1962
1060,0.2874
1061,0.5876
1062,0.2236
1063,0.1658
1064,0.1628
1065,0.2174
1066,0.153
1067,0.143
1068,0.1607
1069,0.1535
1070,0.1585
1071,0.1483
1072,0.1368
1073,0.14
1074,0.589
1075,0.1663
1076,0.1617
1077,0.2014
1078,0.1499
1079,0.3939
1080,0.2339
1081,0.4696
1082,0.5445
1083,0.6647
1084,0.7594
1085,0.5101
1086,0.5658
1087,0.5291
1088,0.9198
1089,0.5316
1090,0.7577
1091,0.5635
1092,0.5411
1093,0.5466
1094,0.5266
1095,0.5133
1096,0.5294
1097,0.5249
1098,0.592
1099,0.5361
1100,0.5135
1101,0.8392
1102,0.6666
1103,0.725
1104,0.9296
1105,0.5259
1106,0.5097
1107,0.5384
1108,0.5599
1109,0.5028
1110,0.6013
1111,0.5059
1112,0.5057
1113,0.5321
1114,0.5383
1115,0.5394
1116,0.4992
1117,0.645
1118,0.5075
1119,0.5018
1120,0.6527
1121,0.4305
1122,0.3922
1123,0.5845
1124,0.5199
1125,0.5588
1126,0.5253
1127,0.5505
1128,0.5397
1129,0.5283
1130,0.5495
1131,0.5269
1132,0.4807
1133,0.5262
1134,0.5833
1135,0.5169
1136,0.6421
1137,0.5086
1138,0.46
1139,0.5466
1140,0.6115
1141,0.4961
1142,0.5709
1143,0.5532
1144,0.4701
1145,0.6493
1146,0.6046
1147,0.5913
1148,0.6081
1149,0.6454
1150,0.5113
1151,0.6205
1152,0.5705
1153,0.5674
1154,0.5311
1155,0.5978
1156,0.5289
1157,0.6717
1158,0.6206
1159,0.5239
1160,0.6318
1161,0.5281
1162,0.4376
1163,0.5495
1164,0.5199
1165,0.5756
1166,0.6284
1167,0.5511
1168,0.5158
1169,0.5234
1170,0.4656
1171,0.915
1172,0.5287
1173,0.5195
1174,0.5554
1175,0.5204
1176,0.4553
1177,0.4834
1178,0.5672
1179,0.5494
1180,0.8147
1181,0.4958
1182,0.5399
1183,0.6882
1184,0.499
1185,0.7058
1186,0.545
1187,0.4074
1188,0.4875
1189,0.5448
1190,0.01
1191,0.5256
1192,0.4851
1193,0.3982
1194,0.463
1195,0.6005
1196,0.8408
1197,0.8105
1198,0.5604
1199,0.4781
1200,0.2253
1201,0.4618
1202,0.4785
1203,0.4504
1204,0.5097
1205,0.5727
1206,0.5373
1207,0.5082
1208,0.4933
1209,0.9149
1210,0.4951
1211,0.5103
1212,0.4355
1213,0.5787
1214,0.5493
1215,0.4738
1216,0.4605
1217,0.5548
1218,0.5246
1219,0.4916
1220,0.727
1221,0.4861
1222,0.5136
1223,0.7647
1224,0.5479
1225,0.5776
1226,0.5481
1227,0.5401
1228,0.9713
1229,0.5477
1230,0.6857
1231,0.5369
1232,0.5365
1233,0.5217
1234,0.5829
1235,0.546
1236,0.6634
1237,0.5594
1238,0.8136
1239,0.4775
1240,0.6551
1241,0.6067
1242,0.5639
1243,0.6428
1244,0.5591
1245,0.5646
1246,0.5208
1247,0.5147
1248,0.6636
1249,0.5719
1250,0.5684
1251,0.5448
1252,0.517
1253,0.4845
1254,0.5561
1255,0.5575
1256,0.4707
1257,0.5524
1258,0.5226
1259,0.4987
1260,0.5246
1261,0.6079
1262,0.4637
1263,0.5472
1264,0.4626
1265,0.5184
1266,0.4998
1267,0.5559
1268,0.5208
1269,0.5323
1270,0.5868
1271,0.6165
1272,0.6168
1273,0.5297
1274,0.5315
1275,0.4439
1276,0.423
1277,0.7276
1278,0.4721
1279,0.2181
1280,0.5576
1281,0.4346
1282,0.4925
1283,0.4662
1284,0.3072
1285,0.4857
1286,0.3678
1287,0.4831
1288,0.4661
1289,0.4074
1290,0.4776
1291,0.2978
1292,0.228
1293,0.5341
1294,0.5416
1295,0.288
1296,0.3629
1297,0.369
1298,0.5564
1299,0.5206
1300,0.471
1301,0.7324
1302,0.5053
1303,0.5195
1304,0.5739
1305,0.6427
1306,0.5768
1307,0.5775
1308,0.4944
1309,0.5863
1310,0.5163
1311,0.6756
1312,0.5641
1313,0.6264
1314,0.4974
1315,0.1325
1316,0.5054
1317,0.546
1318,0.4724
1319,0.4659
1320,0.4899
1321,0.5285
1322,0.6541
1323,0.529
1324,0.8961
1325,0.4926
1326,0.4937
1327,0.6146
1328,0.5841
1329,0.1132
1330,0.2766
1331,0.3049
1332,0.2525
1333,0.6936
1334,0.842
1335,0.532
1336,0.4812
1337,0.5371
1338,0.4854
1339,0.4769
1340,0.4901
1341,0.5318
1342,0.6433
1343,0.559
1344,0.5931
1345,0.4854
1346,0.4962
1347,0.5344
1348,0.5288
1349,0.0959
1350,0.2332
1351,0.5003
1352,0.498
1353,0.5854
1354,0.5477
1355,0.6216
1356,0.6401
1357,0.4936
1358,0.4937
1359,0.553
1360,0.6652
1361,0.4987
1362,0.5257
1363,0.5245
1364,0.5977
1365,0.4258
1366,0.5512
1367,0.6546
1368,0.0997
1369,0.4601
1370,0.8761
1371,0.4845
1372,0.64
1373,0.5417
1374,0.5235
1375,0.6071
1376,0.5689
1377,0.5205
1378,0.4836
1379,0.5047
1380,0.4908
1381,0.5094
1382,0.8103
1383,0.5285
1384,0.5812
1385,0.4736
1386,0.5933
1387,0.5074
1388,0.573
1389,0.3036
1390,0.4751
1391,0.5111
1392,0.4794
1393,0.5231
1394,0.5697
1395,0.5835
1396,0.5567
1397,0.5305
1398,0.5189
1399,0.5513
1400,0.4946
1401,0.5154
1402,0.5249
1403,0.5051
1404,0.4985
1405,0.5184
1406,0.5713
1407,0.5977
1408,0.4981
1409,0.6319
1410,0.4584
1411,0.4919
1412,0.4608
1413,0.4931
1414,0.4961
1415,0.7173
1416,0.4764
1417,0.4762
1418,0.4782
1419,0.742
1420,0.4897
1421,0.5112
1422,0.4376
1423,0.4831
1424,0.9057
1425,0.44
1426,0.1556
1427,0.3613
1428,0.5414
1429,0.6408
1430,0.4969
1431,0.461
1432,0.5123
1433,0.5753
1434,0.4803
1435,0.5059
1436,0.4906
1437,0.152
1438,0.4643
1439,0.575
1440,0.8381
1441,0.5556
1442,0.515
1443,0.5534
1444,0.6111
1445,0.5243
1446,0.5293
1447,0.6118
1448,0.7579
1449,0.5726
1450,0.5385
1451,0.5586
1452,0.6086
1453,0.4856
1454,0.4767
1455,0.6698
1456,0.4629
1457,0.4836
1458,0.4719
1459,0.5403
1460,0.4953
1461,0.5179
1462,0.4916
1463,0.3697
1464,0.9185
1465,0.4876
1466,0.7565
1467,0.5015
1468,0.6112
1469,0.5664
1470,0.5175
1471,0.4753
1472,0.5584
1473,0.501
1474,0.4922
1475,0.3838
1476,0.5823
1477,0.5639
1478,0.5664
1479,0.5084
1480,0.5444
1481,0.4535
1482,0.5291
1483,0.4768
1484,0.4862
1485,0.4967
1486,0.4929
1487,0.5414
1488,0.5044
1489,0.5499
1490,0.4877
1491,0.5102
1492,0.4857
1493,0.4764
1494,0.5471
1495,0.5391
1496,0.5236
1497,0.4988
1498,0.5095
1499,0.5857
1500,0.5437
1501,0.4745
1502,0.4158
1503,0.461
1504,0.2395
1505,0.4956
1506,0.509
1507,0.637
1508,0.4585
1509,0.5201
1510,0.5343
1511,0.5566
1512,0.7509
1513,0.5243
1514,0.5309
1515,0.5078
1516,0.5316
1517,0.6776
1518,0.5262
1519,0.6472
1520,0.4706
1521,0.6885
1522,0.4914
1523,0.4743
1524,0.473
1525,0.4751
1526,0.498
1527,0.4985
1528,0.5698
1529,0.5074
1530,0.5257
1531,0.5246
1532,0.6109
1533,0.5658
1534,0.5166
1535,0.1018
1536,0.1051
1537,0.1626
1538,0.1071
1539,0.1368
1540,0.1694
1541,0.1029
1542,0.1423
1543,0.1119
1544,0.4024
1545,0.1317
1546,0.2016
1547,0.5058
1548,0.4869
1549,0.5408
1550,0.7465
1551,0.5348
1552,0.5971
1553,0.6368
1554,0.4988
1555,0.4672
1556,0.1531
1557,0.4258
1558,0.5696
1559,0.5946
1560,0.4738
1561,0.4514
1562,0.5368
1563,0.4724
1564,0.5771
1565,0.47
1566,0.5406
1567,0.5087
1568,0.5888
1569,0.4409
1570,0.5688
1571,0.5271
1572,0.5821
1573,0.6467
1574,0.2713
1575,0.4951
1576,0.5928
1577,0.552
1578,0.6453
1579,0.5139
1580,0.4831
1581,0.5191
1582,0.5184
1583,0.5136
1584,0.9319
1585,0.4859
1586,0.5569
1587,0.5037
1588,0.4867
1589,0.5729
1590,0.571
1591,0.9141
1592,0.5089
1593,0.4955
1594,0.5822
1595,0.446
1596,0.4159
1597,0.47
1598,0.5032
1599,0.6661
1600,0.4734
1601,0.5187
1602,0.5147
1603,0.5237
1604,0.4524
1605,0.5391
1606,0.5006
1607,0.601
1608,0.5081
1609,0.5324
1610,0.6447
1611,0.5578
1612,0.4879
1613,0.4931
1614,0.5279
1615,0.5225
1616,0.9183
1617,0.5656
1618,0.5165
1619,0.5867
1620,0.4796
1621,0.5055
1622,0.509
1623,0.748
1624,0.4767
1625,0.5397
1626,0.4702
1627,0.4888
1628,0.4625
1629,0.4925
1630,0.5615
1631,0.453
1632,0.5437
1633,0.5765
1634,0.6737
1635,0.4783
1636,0.4899
1637,0.5276
1638,0.9698
1639,0.7278
1640,0.5631
1641,0.6409
1642,0.5561
1643,0.573
1644,0.5273
1645,0.6044
1646,0.5261
1647,0.6366
1648,0.6156
1649,0.5944
1650,0.5232
1651,0.5377
1652,0.5375
1653,0.5409
1654,0.5243
1655,0.7492
1656,0.5636
1657,0.5392
1658,0.5445
1659,0.5505
1660,0.5714
1661,0.5611
1662,0.7177
1663,0.554
1664,0.9732
1665,0.65
1666,0.5307
1667,0.7335
1668,0.5289
1669,0.6294
1670,0.5459
1671,0.6785
1672,0.6626
1673,0.6243
1674,0.619
1675,0.5402
1676,0.5274
1677,0.5466
1678,0.5328
1679,0.5927
1680,0.5431
1681,0.9081
1682,0.5731
1683,0.632
1684,0.5265
1685,0.6563
1686,0.7222
1687,0.5549
1688,0.5708
1689,0.6085
1690,0.5294
1691,0.5585
1692,0.5449
1693,0.5289
1694,0.542
1695,0.5263
1696,0.5252
1697,0.5309
1698,0.8312
1699,0.5629
1700,0.8258
1701,0.4766
1702,0.4898
1703,0.5142
1704,0.4946
1705,0.4716
1706,0.413
1707,0.1637
1708,0.4851
1709,0.362
1710,0.5881
1711,0.4623
1712,0.5698
1713,0.4727
1714,0.4724
1715,0.7598
1716,0.494
1717,0.5473
1718,0.917
1719,0.4325
1720,0.4797
1721,0.1499
1722,0.4988
1723,0.4663
1724,0.5363
1725,0.4444
1726,0.5104
1727,0.7539
1728,0.4171
1729,0.5315
1730,0.3744
1731,0.567
1732,0.4908
1733,0.4992
1734,0.3143
1735,0.6385
1736,0.5029
1737,0.5937
1738,0.1813
1739,0.4498
1740,0.6049
1741,0.5137
1742,0.5554
1743,0.3538
1744,0.4903
1745,0.5036
1746,0.3097
1747,0.4954
1748,0.6049
1749,0.3414
1750,0.3176
1751,0.519
1752,0.4412
1753,0.4542
1754,0.9006
1755,0.6124
1756,0.8049
1757,0.0935
1758,0.5052
1759,0.5456
1760,0.588
1761,0.6254
1762,0.5059
1763,0.4956
1764,0.4858
1765,0.4392
1766,0.5766
1767,0.5363
1768,0.4724
1769,0.4997
1770,0.5412
1771,0.6089
1772,0.6757
1773,0.4776
1774,0.6011
1775,0.5269
1776,0.5443
1777,0.5384
1778,0.4723
1779,0.5855
1780,0.5057
1781,0.6402
1782,0.5399
1783,0.5195
1784,0.5561
1785,0.6705
1786,0.5597
1787,0.5104
1788,0.4596
1789,0.4966
1790,0.4786
1791,0.5537
1792,0.5128
1793,0.5799
1794,0.5305
1795,0.5056
1796,0.5851
1797,0.4763
1798,0.5151
1799,0.4664
1800,0.7439
1801,0.5557
1802,0.5337
1803,0.4873
1804,0.4983
1805,0.5598
1806,0.5353
1807,0.4887
1808,0.4449
1809,0.477
1810,0.5429
1811,0.3642
1812,0.4731
1813,0.4611
1814,0.4791
1815,0.8098
1816,0.4929
1817,0.5104
1818,0.5276
1819,0.4721
1820,0.4876
1821,0.4775
1822,0.5341
1823,0.5633
1824,0.5166
1825,0.5134
1826,0.4713
1827,0.8059
1828,0.5657
1829,0.4981
1830,0.901
1831,0.5292
1832,0.4872
1833,0.5575
1834,0.5858
1835,0.5423
1836,0.4809
1837,0.5025
1838,0.6739
1839,0.4969
1840,0.5061
1841,0.4828
1842,0.51
1843,0.4586
1844,0.7111
1845,0.5167
1846,0.4845
1847,0.5065
1848,0.6558
1849,0.1508
1850,0.4345
1851,0.6045
1852,0.6156
1853,0.6282
1854,0.6907
1855,0.5112
1856,0.5866
1857,0.1198
1858,0.21
1859,0.1655
1860,0.1809
1861,0.5096
1862,0.5151
1863,0.549
1864,0.9524
1865,0.4616
1866,0.4936
1867,0.5046
1868,0.5001
1869,0.5144
1870,0.5688
1871,0.4742
1872,0.498
1873,0.5796
1874,0.4995
1875,0.4692
1876,0.5521
1877,0.4969
1878,0.481
1879,0.5477
1880,0.5263
1881,0.612
1882,0.5618
1883,0.4496
1884,0.477
1885,0.4925
1886,0.4433
1887,0.4707
1888,0.4583
1889,0.9084
1890,0.4492
1891,0.4879
1892,0.5996
1893,0.4714
1894,0.4183
1895,0.5687
1896,0.5251
1897,0.4816
1898,0.4994
1899,0.508
1900,0.2957
1901,0.4243
1902,0.5682
1903,0.4465
1904,0.5569
1905,0.5558
1906,0.8017
1907,0.5369
1908,0.4192
1909,0.4328
1910,0.3945
1911,0.5999
1912,0.9778
1913,0.4872
1914,0.4739
1915,0.5371
1916,0.654
1917,0.5442
1918,0.5242
1919,0.5199
1920,0.5532
1921,0.4585
1922,0.5213
1923,0.4835
1924,0.5715
1925,0.459
1926,0.5508
1927,0.5383
1928,0.5628
1929,0.509
1930,0.5033
1931,0.5507
1932,0.4895
1933,0.5529
1934,0.554
1935,0.605
1936,0.5184
1937,0.6168
1938,0.5331
1939,0.5065
1940,0.5016
1941,0.4466
1942,0.5996
1943,0.5699
1944,0.5939
1945,0.516
1946,0.5459
1947,0.5267
1948,0.499
1949,0.5453
1950,0.5196
1951,0.5205
1952,0.568
1953,0.55
1954,0.9605
1955,0.7335
1956,0.5351
1957,0.5459
1958,0.5741
1959,0.5758
1960,0.5283
1961,0.5068
1962,0.6426
1963,0.5164
1964,0.5224
1965,0.5611
1966,0.5268
1967,0.5372
1968,0.5401
1969,0.4759
1970,0.4753
1971,0.6415
1972,0.5186
1973,0.5149
1974,0.471
1975,0.7137
1976,0.4758
1977,0.5147
1978,0.6103
1979,0.6175
1980,0.4967
1981,0.4644
1982,0.4676
1983,0.5269
1984,0.5419
1985,0.4669
1986,0.5027
1987,0.4903
1988,0.4864
1989,0.563
1990,0.5634
1991,0.4773
1992,0.5311
1993,0.5262
1994,0.5588
1995,0.5763
1996,0.7593
1997,0.4229
1998,0.4521
1999,0.5015
2000,0.526
2001,0.4726
2002,0.6771
2003,0.4694
2004,0.4983
2005,0.5624
2006,0.5023
2007,0.5559
2008,0.4819
2009,0.4841
2010,0.4854
2011,0.4813
2012,0.6533
2013,0.488
2014,0.5179
2015,0.492
2016,0.025
2017,0.663
2018,0.4692
2019,0.5464
2020,0.79
2021,0.5259
2022,0.7076
2023,0.4793
2024,0.4843
2025,0.4377
2026,0.5362
2027,0.9179
2028,0.467
2029,0.5377
2030,0.4807
2031,0.5014
2032,0.5375
2033,0.8643
2034,0.4704
2035,0.5172
2036,0.4955
2037,0.4993
2038,0.3955
2039,0.5101
2040,0.516
2041,0.4869
2042,0.4811
2043,0.4441
2044,0.5701
2045,0.5201
2046,0.4475
2047,0.5644
2048,0.4855
2049,0.4636
2050,0.4845
2051,0.5505
2052,0.5225
2053,0.676
2054,0.6096
2055,0.5185
2056,0.4729
2057,0.4666
2058,0.516
2059,0.4562
2060,0.4534
2061,0.4678
2062,0.5181
2063,0.4386
2064,0.444
2065,0.5725
2066,0.5216
2067,0.4955
2068,0.5204
2069,0.4907
2070,0.596
2071,0.5048
2072,0.5204
2073,0.6598
2074,0.6137
2075,0.6326
2076,0.4778
2077,0.5536
2078,0.9717
2079,0.6108
2080,0.5173
2081,0.4655
2082,0.5346
2083,0.6329
2084,0.5462
2085,0.5117
2086,0.4689
2087,0.5188
2088,0.6171
2089,0.5547
2090,0.5666
2091,0.7616
2092,0.4613
2093,0.4922
2094,0.4917
2095,0.5669
2096,0.5205
2097,0.2863
2098,0.4837
2099,0.5323
2100,0.6662
2101,0.5222
2102,0.4715
2103,0.5523
2104,0.5612
2105,0.5314
2106,0.605
2107,0.6436
2108,0.4872
2109,0.8988
2110,0.4597
2111,0.4839
2112,0.4321
2113,0.6313
2114,0.5211
2115,0.436
2116,0.278
2117,0.5111
2118,0.4745
2119,0.6284
2120,0.5831
2121,0.4895
2122,0.8013
2123,0.4983
2124,0.9177
2125,0.5937
2126,0.5295
2127,0.4631
2128,0.6107
2129,0.4869
2130,0.4939
2131,0.4911
2132,0.5341
2133,0.5258
2134,0.5659
2135,0.6477
2136,0.4948
2137,0.5745
2138,0.5035
2139,0.625
2140,0.6037
2141,0.5358
2142,0.5652
2143,0.5107
2144,0.5265
2145,0.6065
2146,0.5246
2147,0.5092
2148,0.5252
2149,0.6099
2150,0.5168
2151,0.502
2152,0.5655
2153,0.6075
2154,0.4984
2155,0.5072
2156,0.5019
2157,0.4881
2158,0.5191
2159,0.5264
2160,0.5609
2161,0.5561
2162,0.5255
2163,0.6234
2164,0.4519
2165,0.8782
2166,0.5629
2167,0.5182
2168,0.561
2169,0.5029
2170,0.5336
2171,0.497
2172,0.5225
2173,0.6376
2174,0.5224
2175,0.6326
2176,0.5249
2177,0.5729
2178,0.5807
2179,0.5491
2180,0.53
2181,0.4924
2182,0.503
2183,0.4938
2184,0.5333
2185,0.6502
2186,0.6118
2187,0.5592
2188,0.5608
2189,0.5431
2190,0.4821
2191,0.6797
2192,0.5622
2193,0.3991
2194,0.4848
2195,0.5112
2196,0.4991
2197,0.6069
2198,0.522
2199,0.5663
2200,0.8741
2201,0.468
2202,0.4971
2203,0.0874
2204,0.5769
2205,0.6586
2206,0.4823
2207,0.6072
2208,0.4882
2209,0.6291
2210,0.5572
2211,0.5424
2212,0.4676
2213,0.8175
2214,0.5869
2215,0.4614
2216,0.5641
2217,0.5031
2218,0.605
2219,0.5066
2220,0.397
2221,0.4159
2222,0.5061
2223,0.5118
2224,0.5071
2225,0.4946
2226,0.4754
2227,0.5118
2228,0.5179
2229,0.4799
2230,0.5875
2231,0.5071
2232,0.5717
2233,0.6342
2234,0.5161
2235,0.5014
2236,0.6663
2237,0.4501
2238,0.5099
2239,0.4783
2240,0.5506
2241,0.4416
2242,0.4842
2243,0.8733
2244,0.4989
2245,0.4904
2246,0.4655
2247,0.5728
2248,0.5231
2249,0.4632
2250,0.4573
2251,0.691
2252,0.5728
2253,0.5836
2254,0.6585
2255,0.5122
2256,0.5361
2257,0.462
2258,0.4839
2259,0.498
2260,0.5633
2261,0.5591
2262,0.7413
2263,0.5401
2264,0.521
2265,0.2054
2266,0.207
2267,0.5792
2268,0.522
2269,0.5102
2270,0.4823
2271,0.4926
2272,0.5463
2273,0.5703
2274,0.7229
2275,0.5427
2276,0.5671
2277,0.4916
2278,0.4989
2279,0.4782
2280,0.495
2281,0.4942
2282,0.5691
2283,0.4581
2284,0.4644
2285,0.4874
2286,0.82
2287,0.4488
2288,0.4983
2289,0.4874
2290,0.5031
2291,0.5034
2292,0.4646
2293,0.502
2294,0.47
2295,0.473
2296,0.4433
2297,0.4544
2298,0.4727
2299,0.4895
2300,0.567
2301,0.5137
2302,0.5292
2303,0.4788
2304,0.6672
2305,0.5282
2306,0.508
2307,0.5011
2308,0.4376
2309,0.4378
2310,0.5079
2311,0.6406
2312,0.5124
2313,0.5463
2314,0.57
2315,0.4599
2316,0.4344
2317,0.5297
2318,0.4517
2319,0.505
2320,0.6751
2321,0.5041
2322,0.5489
2323,0.4408
2324,0.5987
2325,0.7194
2326,0.5766
2327,0.4101
2328,0.4781
2329,0.4231
2330,0.4756
2331,0.4646
2332,0.5246
2333,0.6035
2334,0.5168
2335,0.5098
2336,0.539
2337,0.5849
2338,0.5153
2339,0.5313
2340,0.5966
2341,0.5214
2342,0.4307
2343,0.4931
2344,0.7663
2345,0.5205
2346,0.5154
2347,0.5023
2348,0.5213
2349,0.4742
2350,0.514
2351,0.6435
2352,0.5584
2353,0.6469
2354,0.5218
2355,0.4562
2356,0.6377
2357,0.4702
2358,0.4799
2359,0.4294
2360,0.4482
2361,0.466
2362,0.4671
2363,0.4792
2364,0.478
2365,0.3236
2366,0.3517
2367,0.5038
2368,0.4917
2369,0.5958
2370,0.5745
2371,0.6424
2372,0.5875
2373,0.5489
2374,0.5812
2375,0.5328
2376,0.5354
2377,0.6113
2378,0.5479
2379,0.6175
2380,0.6278
2381,0.6503
2382,0.7065
2383,0.5458
2384,0.5382
2385,0.5667
2386,0.5421
2387,0.5697
2388,0.5874
2389,0.5837
2390,0.5431
2391,0.5255
2392,0.4902
2393,0.5158
2394,0.6668
2395,0.5294
2396,0.4908
2397,0.5178
2398,0.5752
2399,0.5039
2400,0.5234
2401,0.4576
2402,0.4938
2403,0.5262
2404,0.5625
2405,0.5595
2406,0.4947
2407,0.5804
2408,0.7223
2409,0.5374
2410,0.5401
2411,0.4903
2412,0.5471
2413,0.5204
2414,0.5167
2415,0.8073
2416,0.5179
2417,0.454
2418,0.4743
2419,0.1219
2420,0.1058
2421,0.4634
2422,0.518
2423,0.5031
2424,0.5249
2425,0.6787
2426,0.351
2427,0.7715
2428,0.5122
2429,0.6554
2430,0.5444
2431,0.5897
2432,0.9062
2433,0.0546
2434,0.7623
2435,0.4937
2436,0.4972
2437,0.4906
2438,0.5147
2439,0.4496
2440,0.4937
2441,0.4954
2442,0.1661
2443,0.5814
2444,0.5084
2445,0.4911
2446,0.4584
2447,0.4932
2448,0.4685
2449,0.5016
2450,0.4841
2451,0.773
2452,0.5409
2453,0.4721
2454,0.5495
2455,0.5109
2456,0.5372
2457,0.5329
2458,0.5216
2459,0.5357
2460,0.9285
2461,0.6656
2462,0.569
2463,0.5117
2464,0.5603
2465,0.5103
2466,0.5316
2467,0.471
2468,0.5454
2469,0.5534
2470,0.4816
2471,0.8587
2472,0.6767
2473,0.645
2474,0.5611
2475,0.6753
2476,0.364
2477,0.5747
2478,0.5497
2479,0.6273
2480,0.5467
2481,0.6775
2482,0.7845
2483,0.5677
2484,0.5184
2485,0.9167
2486,0.5051
2487,0.689
2488,0.5905
2489,0.503
2490,0.4984
2491,0.518
2492,0.5634
2493,0.533
2494,0.4922
2495,0.5022
2496,0.1397
2497,0.6014
2498,0.893
2499,0.5322
2500,0.6588
2501,0.5639
2502,0.5314
2503,0.7421
2504,0.4833
2505,0.4507
2506,0.5861
2507,0.5383
2508,0.603
2509,0.6642
2510,0.4262
2511,0.6042
2512,0.4901
2513,0.5175
2514,0.4646
2515,0.657
2516,0.4404
2517,0.4891
2518,0.529
2519,0.5233
2520,0.3901
2521,0.4773
2522,0.4643
2523,0.4742
2524,0.5742
2525,0.485
2526,0.4761
2527,0.7505
2528,0.4547
2529,0.9146
2530,0.5368
2531,0.5794
2532,0.1642
2533,0.1541
2534,0.5512
2535,0.592
2536,0.5962
2537,0.5231
2538,0.5452
2539,0.5847
2540,0.5535
2541,0.5641
2542,0.6491
2543,0.5098
2544,0.5152
2545,0.5464
2546,0.5167
2547,0.4877
2548,0.4791
2549,0.5181
2550,0.5382
2551,0.4439
2552,0.5919
2553,0.744
2554,0.4706
2555,0.7858
2556,0.5417
2557,0.4331
2558,0.4416
2559,0.5408
2560,0.5996
2561,0.5735
2562,0.5032
2563,0.486
2564,0.4915
2565,0.4851
2566,0.5228
2567,0.5323
2568,0.5683
2569,0.5769
2570,0.5022
2571,0.6462
2572,0.5219
2573,0.5324
2574,0.4923
2575,0.5332
2576,0.8768
2577,0.5306
2578,0.4723
2579,0.4807
2580,0.4448
2581,0.6642
2582,0.5422
2583,0.535
2584,0.5525
2585,0.5101
2586,0.4368
2587,0.572
2588,0.4568
2589,0.5764
2590,0.6209
2591,0.5408
2592,0.4796
2593,0.4934
2594,0.4568
2595,0.5009
2596,0.4561
2597,0.4843
2598,0.4529
2599,0.4389
2600,0.4855
2601,0.4536
2602,0.5329
2603,0.2846
2604,0.3927
2605,0.3987
2606,0.3737
2607,0.1176
2608,0.4584
2609,0.4466
2610,0.5887
2611,0.4695
2612,0.4796
2613,0.1634
2614,0.1094
2615,0.1
2616,0.1239
2617,0.3288
2618,0.5647
2619,0.4754
2620,0.5994
2621,0.6088
2622,0.4817
2623,0.6185
2624,0.4698
2625,0.6837
2626,0.4561
2627,0.5254
2628,0.5032
2629,0.4814
2630,0.5367
2631,0.6258
2632,0.4701
2633,0.4822
2634,0.6315
2635,0.6559
2636,0.9192
2637,0.6872
2638,0.8628
2639,0.529
2640,0.6149
2641,0.1665
2642,0.6008
2643,0.4827
2644,0.4535
2645,0.4495
2646,0.7273
2647,0.489
2648,0.5121
2649,0.5256
2650,0.4544
2651,0.4812
2652,0.5243
2653,0.36
2654,0.501
2655,0.4804
2656,0.5518
2657,0.595
2658,0.4755
2659,0.5231
2660,0.5092
2661,0.5248
2662,0.4887
2663,0.4911
2664,0.4877
2665,0.453
2666,0.469
2667,0.5848
2668,0.5645
2669,0.5259
2670,0.5291
2671,0.5886
2672,0.5299
2673,0.4717
2674,0.602
2675,0.5098
2676,0.5157
2677,0.4858
2678,0.5347
2679,0.4455
2680,0.4702
2681,0.6518
2682,0.4588
2683,0.4854
2684,0.4704
2685,0.4441
2686,0.3097
2687,0.5135
2688,0.5573
2689,0.5482
2690,0.5628
2691,0.5735
2692,0.5217
2693,0.5544
2694,0.8356
2695,0.5628
2696,0.5886
2697,0.5443
2698,0.6102
2699,0.6118
2700,0.561
2701,0.9064
2702,0.5297
2703,0.5238
2704,0.6068
2705,0.6269
2706,0.5284
2707,0.5373
2708,0.5243
2709,0.5397
2710,0.6148
2711,0.5619
2712,0.5441
2713,0.5494
2714,0.5239
2715,0.5431
2716,0.5811
2717,0.896
2718,0.6459
2719,0.5262
2720,0.6939
2721,0.6232
2722,0.6179
2723,0.5545
2724,0.5494
2725,0.5433
2726,0.5285
2727,0.5309
2728,0.5404
2729,0.5587
2730,0.6063
2731,0.566
2732,0.5294
2733,0.8074
2734,0.7608
2735,0.6197
2736,0.9713
2737,0.5651
2738,0.8331
2739,0.5283
2740,0.5498
2741,0.5321
2742,0.5326
2743,0.5311
2744,0.5749
2745,0.6147
2746,0.5682
2747,0.5328
2748,0.6307
2749,0.5797
2750,0.5483
2751,0.5927
2752,0.539
2753,0.5439
2754,0.7157
2755,0.5369
2756,0.5546
2757,0.6831
2758,0.5917
2759,0.5256
2760,0.533
2761,0.5243
2762,0.5777
2763,0.558
2764,0.5269
2765,0.8084
2766,0.5604
2767,0.5352
2768,0.5596
2769,0.589
2770,0.5297
2771,0.5351
2772,0.6311
2773,0.5564
2774,0.5634
2775,0.552
2776,0.5244
2777,0.5313
2778,0.5524
2779,0.5366
2780,0.5239
2781,0.6433
2782,0.9609
2783,0.6214
2784,0.6554
2785,0.5349
2786,0.8194
2787,0.5194
2788,0.7903
2789,0.9706
2790,0.5962
2791,0.9621
2792,0.5674
2793,0.536
2794,0.5512
2795,0.5706
2796,0.527
2797,0.5755
2798,0.959
2799,0.5321
2800,0.6195
2801,0.703
2802,0.7669
2803,0.8183
2804,0.5594
2805,0.9179
2806,0.6059
2807,0.5306
2808,0.5554
2809,0.5972
2810,0.5324
2811,0.5776
2812,0.5863
2813,0.5323
2814,0.5704
2815,0.6145
2816,0.5622
2817,0.5238
2818,0.5226
2819,0.5442
2820,0.7284
2821,0.5358
2822,0.5757
2823,0.532
2824,0.5403
2825,0.6494
2826,0.5992
2827,0.5293
2828,0.5517
2829,0.5245
2830,0.557
2831,0.5849
2832,0.53
2833,0.5368
2834,0.5474
2835,0.7186
2836,0.9746
2837,0.5252
2838,0.6111
2839,0.5437
2840,0.5491
2841,0.608
2842,0.7154
2843,0.7799
2844,0.5706
2845,0.5454
2846,0.6175
2847,0.5349
2848,0.5634
2849,0.5451
2850,0.5808
2851,0.5364
2852,0.5355
2853,0.718
2854,0.5303
2855,0.56
2856,0.5335
2857,0.5246
2858,0.524
2859,0.5307
2860,0.6622
2861,0.5381
2862,0.7824
2863,0.5726
2864,0.5529
2865,0.5689
2866,0.5605
2867,0.6083
2868,0.5389
2869,0.5468
2870,0.6858
2871,0.7744
2872,0.6829
2873,0.5501
2874,0.6174
2875,0.561
2876,0.5586
2877,0.5006
2878,0.5667
2879,0.5176
2880,0.5687
2881,0.6476
2882,0.5202
2883,0.5278
2884,0.455
2885,0.6995
2886,0.3039
2887,0.5686
2888,0.5083
2889,0.3485
2890,0.4794
2891,0.5346
2892,0.5477
2893,0.3081
2894,0.3764
2895,0.345
2896,0.6166
2897,0.2111
2898,0.439
2899,0.5796
2900,0.2862
2901,0.5527
2902,0.1965
2903,0.4802
2904,0.4288
2905,0.473
2906,0.6148
2907,0.544
2908,0.3691
2909,0.5669
2910,0.4813
2911,0.509
2912,0.5854
2913,0.8041
2914,0.532
2915,0.5844
2916,0.5855
2917,0.643
2918,0.547
2919,0.4781
2920,0.5325
2921,0.5874
2922,0.5673
2923,0.5056
2924,0.518
2925,0.644
2926,0.6231
2927,0.9274
2928,0.6006
2929,0.5039
2930,0.5676
2931,0.5508
2932,0.4838
2933,0.5543
2934,0.5856
2935,0.524
2936,0.6065
2937,0.564
2938,0.7826
2939,0.514
2940,0.5278
2941,0.5636
2942,0.4995
2943,0.6066
2944,0.622
2945,0.5107
2946,0.4962
2947,0.5087
2948,0.5389
2949,0.7362
2950,0.595
2951,0.5429
2952,0.5759
2953,0.5422
2954,0.7134
2955,0.5834
2956,0.5563
2957,0.7043
2958,0.466
2959,0.61
2960,0.5079
2961,0.5199
2962,0.524
2963,0.9205
2964,0.638
2965,0.5766
2966,0.585
2967,0.5426
2968,0.7126
2969,0.5192
2970,0.4949
2971,0.4879
2972,0.6441
2973,0.5465
2974,0.4876
2975,0.4594
2976,0.6183
2977,0.4743
2978,0.542
2979,0.8283
2980,0.5398
2981,0.4875
2982,0.5802
2983,0.0975
2984,0.5054
2985,0.826
2986,0.4992
2987,0.5097
2988,0.5922
2989,0.6851
2990,0.2591
2991,0.6042
2992,0.5498
2993,0.5348
2994,0.4778
2995,0.6409
2996,0.5094
2997,0.4621
2998,0.528
2999,0.5383
3000,0.4668
3001,0.6174
3002,0.5103
3003,0.568
3004,0.5374
3005,0.5626
3006,0.7127
3007,0.4846
3008,0.5256
3009,0.5226
3010,0.5278
3011,0.4701
3012,0.5285
3013,0.5005
3014,0.5391
3015,0.5409
3016,0.5638
3017,0.5362
3018,0.4623
3019,0.6095
3020,0.5307
3021,0.4851
3022,0.5934
3023,0.4822
3024,0.4797
3025,0.2248
3026,0.7232
3027,0.487
3028,0.53
3029,0.5448
3030,0.3779
3031,0.5117
3032,0.5574
3033,0.508
3034,0.4743
3035,0.5282
3036,0.509
3037,0.9326
3038,0.4801
3039,0.5458
3040,0.4848
3041,0.8785
3042,0.0621
3043,0.525
3044,0.5418
3045,0.5648
3046,0.5272
3047,0.4988
3048,0.5255
3049,0.1144
3050,0.5602
3051,0.5104
3052,0.4928
3053,0.4782
3054,0.5411
3055,0.8161
3056,0.5123
3057,0.4758
3058,0.4728
3059,0.7459
3060,0.5421
3061,0.4869
3062,0.3413
3063,0.5365
3064,0.5418
3065,0.4876
3066,0.4375
3067,0.5348
3068,0.4813
3069,0.5373
3070,0.5322
3071,0.5068
3072,0.4861
3073,0.4918
3074,0.5288
3075,0.6303
3076,0.7075
3077,0.486
3078,0.5234
3079,0.7116
3080,0.5588
3081,0.6138
3082,0.0924
3083,0.5167
3084,0.5304
3085,0.5158
3086,0.5152
3087,0.4756
3088,0.5186
3089,0.4809
3090,0.4808
3091,0.7458
3092,0.5067
3093,0.5807
3094,0.4969
3095,0.5458
3096,0.8785
3097,0.0544
3098,0.4723
3099,0.5425
3100,0.4817
3101,0.5522
3102,0.6705
3103,0.3411
3104,0.494
3105,0.5071
3106,0.5083
3107,0.4717
3108,0.5132
3109,0.5292
3110,0.5214
3111,0.4733
3112,0.5562
3113,0.4916
3114,0.4635
3115,0.5674
3116,0.5428
3117,0.3016
3118,0.4979
3119,0.4852
3120,0.5221
3121,0.4997
3122,0.4838
3123,0.4924
3124,0.5503
3125,0.5315
3126,0.5188
3127,0.4944
3128,0.7306
3129,0.6034
3130,0.5787
3131,0.4209
3132,0.6961
3133,0.5178
3134,0.4884
3135,0.3621
3136,0.5146
3137,0.5171
3138,0.51
3139,0.401
3140,0.4966
3141,0.6231
3142,0.5203
3143,0.5081
3144,0.4945
3145,0.5249
3146,0.646
3147,0.565
3148,0.6001
3149,0.5334
3150,0.5479
3151,0.5164
3152,0.5719
3153,0.5334
3154,0.5366
3155,0.5608
3156,0.7407
3157,0.5025
3158,0.6163
3159,0.5179
3160,0.5182
3161,0.4807
3162,0.5185
3163,0.5395
3164,0.507
3165,0.5305
3166,0.7103
3167,0.4914
3168,0.5885
3169,0.5293
3170,0.5642
3171,0.5163
3172,0.5104
3173,0.5073
3174,0.4736
3175,0.511
3176,0.5633
3177,0.6529
3178,0.6125
3179,0.5675
3180,0.5039
3181,0.5171
3182,0.5207
3183,0.5154
3184,0.5368
3185,0.5415
3186,0.5231
3187,0.5222
3188,0.6173
3189,0.5976
3190,0.4978
3191,0.686
3192,0.7714
3193,0.5196
3194,0.5218
3195,0.5395
3196,0.7374
3197,0.6465
3198,0.5042
3199,0.5198
3200,0.5459
3201,0.5343
3202,0.5123
3203,0.6334
3204,0.5645
3205,0.609
3206,0.6317
3207,0.5781
3208,0.5327
3209,0.5669
3210,0.5222
3211,0.5465
3212,0.5119
3213,0.5701
3214,0.5105
3215,0.5084
3216,0.5039
3217,0.5006
3218,0.5744
3219,0.582
3220,0.5387
3221,0.4753
3222,0.5065
3223,0.5034
3224,0.508
3225,0.6615
3226,0.5125
3227,0.5203
3228,0.5095
3229,0.5133
3230,0.5381
3231,0.5488
3232,0.5124
3233,0.4981
3234,0.524
3235,0.5171
3236,0.5133
3237,0.7958
3238,0.5559
3239,0.545
3240,0.5259
3241,0.5152
3242,0.5435
3243,0.5288
3244,0.588
3245,0.5298
3246,0.5234
3247,0.1369
3248,0.6427
3249,0.5268
3250,0.477
3251,0.4796
3252,0.5424
3253,0.5184
3254,0.5427
3255,0.5537
3256,0.5118
3257,0.5245
3258,0.4933
3259,0.6265
3260,0.1571
3261,0.1979
3262,0.1759
3263,0.1623
3264,0.2609
3265,0.1674
3266,0.1965
3267,0.2074
3268,0.1536
3269,0.1681
3270,0.1634
3271,0.1516
3272,0.2272
3273,0.2007
3274,0.2714
3275,0.2599
3276,0.2693
3277,0.1863
3278,0.178
3279,0.2486
3280,0.1819
3281,0.1644
3282,0.219
3283,0.3019
3284,0.183
3285,0.09
3286,0.1093
3287,0.2455
3288,0.3182
3289,0.1571
3290,0.1496
3291,0.2943
3292,0.1698
3293,0.1868
3294,0.4792
3295,0.1492
3296,0.2062
3297,0.1507
3298,0.1695
3299,0.2492
3300,0.1739
3301,0.5951
3302,0.1918
3303,0.1646
3304,0.1577
3305,0.1684
3306,0.17
3307,0.1483
3308,0.1674
3309,0.5062
3310,0.5864
3311,0.5678
3312,0.5598
3313,0.4997
3314,0.1231
3315,0.567
3316,0.5479
3317,0.4996
3318,0.6045
3319,0.5673
3320,0.556
3321,0.5044
3322,0.6009
3323,0.5528
3324,0.5953
3325,0.5907
3326,0.6216
3327,0.5634
3328,0.4236
3329,0.5691
3330,0.5568
3331,0.4004
3332,0.518
3333,0.5334
3334,0.6669
3335,0.6021
3336,0.6922
3337,0.6008
3338,0.5562
3339,0.5687
3340,0.6712
3341,0.5411
3342,0.5665
3343,0.5151
3344,0.5492
3345,0.5786
3346,0.514
3347,0.5115
3348,0.5382
3349,0.5195
3350,0.5244
3351,0.533
3352,0.6368
3353,0.5463
3354,0.5254
3355,0.457
3356,0.484
3357,0.2665
3358,0.614
3359,0.2661
3360,0.5781
3361,0.3149
3362,0.4902
3363,0.3804
3364,0.7167
3365,0.4421
3366,0.3873
3367,0.4345
3368,0.516
3369,0.5363
3370,0.5212
3371,0.5687
3372,0.5129
3373,0.3885
3374,0.5103
3375,0.4328
3376,0.5925
3377,0.4582
3378,0.3107
3379,0.3708
3380,0.3572
3381,0.501
3382,0.4932
3383,0.3852
3384,0.4551
3385,0.5897
3386,0.4976
3387,0.5248
3388,0.4879
3389,0.5478
3390,0.504
3391,0.6532
3392,0.6442
3393,0.508
3394,0.6579
3395,0.934
3396,0.5983
3397,0.6094
3398,0.4991
3399,0.5361
3400,0.4875
3401,0.4983
3402,0.9249
3403,0.5015
3404,0.5581
3405,0.5874
3406,0.6189
3407,0.9319
3408,0.4977
3409,0.4854
3410,0.5159
3411,0.4936
3412,0.4888
3413,0.5083
3414,0.5836
3415,0.5318
3416,0.5072
3417,0.5458
3418,0.4996
3419,0.491
3420,0.5741
3421,0.5438
3422,0.5744
3423,0.4926
3424,0.6095
3425,0.5432
3426,0.5303
3427,0.5462
3428,0.6254
3429,0.5392
3430,0.5251
3431,0.9389
3432,0.5735
3433,0.5359
3434,0.5433
3435,0.5239
3436,0.5125
3437,0.5517
3438,0.71
3439,0.7089
3440,0.5221
3441,0.5377
3442,0.5111
3443,0.9479
3444,0.9369
3445,0.5603
3446,0.606
3447,0.5743
3448,0.5505
3449,0.5051
3450,0.5313
3451,0.5656
3452,0.5662
3453,0.5203
3454,0.7369
3455,0.5069
3456,0.5346
3457,0.569
3458,0.5674
3459,0.5589
3460,0.4983
3461,0.5275
3462,0.5751
3463,0.5723
3464,0.1424
3465,0.2145
3466,0.1781
3467,0.2102
3468,0.2679
3469,0.1581
3470,0.1485
3471,0.185
3472,0.1969
3473,0.2177
3474,0.2685
3475,0.2514
3476,0.4473
3477,0.1305
3478,0.1343
3479,0.116
3480,0.1517
3481,0.1866
3482,0.1581
3483,0.3385
3484,0.1494
3485,0.1861
3486,0.1568
3487,0.4555
3488,0.471
3489,0.5306
3490,0.508
3491,0.5533
3492,0.6596
3493,0.6625
3494,0.5634
3495,0.5125
3496,0.645
3497,0.6671
3498,0.5172
3499,0.588
3500,0.5186
3501,0.604
3502,0.9524
3503,0.5092
3504,0.6732
3505,0.5541
3506,0.8464
3507,0.554
3508,0.6448
3509,0.48
3510,0.5374
3511,0.5253
3512,0.9021
3513,0.5808
3514,0.6427
3515,0.7451
3516,0.5174
3517,0.54
3518,0.5182
3519,0.5289
3520,0.5266
3521,0.5014
3522,0.5366
3523,0.5275
3524,0.49
3525,0.5278
3526,0.8828
3527,0.6044
3528,0.8135
3529,0.5501
3530,0.4584
3531,0.611
3532,0.5285
3533,0.4986
3534,0.5262
3535,0.5184
3536,0.4885
3537,0.4906
3538,0.5744
3539,0.4749
3540,0.5288
3541,0.6234
3542,0.5237
3543,0.5005
3544,0.654
3545,0.5255
3546,0.5243
3547,0.5137
3548,0.5346
3549,0.5621
3550,0.6188
3551,0.5228
3552,0.5642
3553,0.5538
3554,0.5251
3555,0.5713
3556,0.5311
3557,0.5477
3558,0.52
3559,0.549
3560,0.5337
3561,0.6273
3562,0.5214
3563,0.5455
3564,0.5452
3565,0.5977
3566,0.5677
3567,0.5254
3568,0.6039
3569,0.6491
3570,0.4991
3571,0.4951
3572,0.6307
3573,0.9596
3574,0.6437
3575,0.5365
3576,0.5248
3577,0.5459
3578,0.5583
3579,0.5489
3580,0.5447
3581,0.5953
3582,0.5088
3583,0.6521
3584,0.4722
3585,0.5379
3586,0.5495
3587,0.6081
3588,0.4957
3589,0.5316
3590,0.7851
3591,0.4742
3592,0.5509
3593,0.5522
3594,0.5443
3595,0.5688
3596,0.4642
3597,0.5618
3598,0.5087
3599,0.5849
3600,0.53
3601,0.5701
3602,0.532
3603,0.5009
3604,0.5243
3605,0.527
3606,0.63
3607,0.502
3608,0.6855
3609,0.8585
3610,0.5591
3611,0.483
3612,0.5647
3613,0.6109
3614,0.5361
3615,0.4861
3616,0.5605
3617,0.6426
3618,0.6195
3619,0.4842
3620,0.5769
3621,0.5249
3622,0.525
3623,0.5997
3624,0.527
3625,0.5272
3626,0.4808
3627,0.6578
3628,0.6162
3629,0.5846
3630,0.6022
3631,0.5254
3632,0.5103
3633,0.5342
3634,0.5155
3635,0.5476
3636,0.6649
3637,0.5007
3638,0.5227
3639,0.5209
3640,0.5228
3641,0.6307
3642,0.5417
3643,0.4815
3644,0.5964
3645,0.4905
3646,0.5531
3647,0.5454
3648,0.5333
3649,0.9634
3650,0.6045
3651,0.5422
3652,0.5962
3653,0.5268
3654,0.5161
3655,0.5055
3656,0.544
3657,0.5591
3658,0.5767
3659,0.6609
3660,0.5479
3661,0.5263
3662,0.5259
3663,0.4809
3664,0.5267
3665,0.5465
3666,0.6379
3667,0.5006
3668,0.5226
3669,0.5454
3670,0.4567
3671,0.5156
3672,0.5854
3673,0.4726
3674,0.5535
3675,0.4911
3676,0.5253
3677,0.4986
3678,0.6161
3679,0.5019
3680,0.6017
3681,0.488
3682,0.6031
3683,0.526
3684,0.5498
3685,0.5701
3686,0.6655
3687,0.5403
3688,0.4864
3689,0.5234
3690,0.5683
3691,0.5408
3692,0.5544
3693,0.5253
3694,0.5142
3695,0.5261
3696,0.7874
3697,0.5846
3698,0.6758
3699,0.5312
3700,0.4656
3701,0.5045
3702,0.1292
3703,0.538
3704,0.6799
3705,0.5878
3706,0.5037
3707,0.4454
3708,0.4666
3709,0.8089
3710,0.3325
3711,0.5648
3712,0.5184
3713,0.5474
3714,0.7293
3715,0.4143
3716,0.3426
3717,0.3095
3718,0.3212
3719,0.4852
3720,0.4255
3721,0.6947
3722,0.4702
3723,0.4918
3724,0.5339
3725,0.7209
3726,0.49
3727,0.5224
3728,0.4896
3729,0.5706
3730,0.5299
3731,0.7916
3732,0.5539
3733,0.5603
3734,0.4931
3735,0.5512
3736,0.52
3737,0.5982
3738,0.5728
3739,0.5635
3740,0.6614
3741,0.6291
3742,0.4519
3743,0.5058
3744,0.4844
3745,0.5344
3746,0.5855
3747,0.5163
3748,0.5501
3749,0.6395
3750,0.6755
3751,0.6949
3752,0.4955
3753,0.5789
3754,0.4867
3755,0.5337
3756,0.5348
3757,0.5061
3758,0.5538
3759,0.6069
3760,0.5296
3761,0.6015
3762,0.5267
3763,0.5388
3764,0.4974
3765,0.5139
3766,0.5399
3767,0.5488
3768,0.4867
3769,0.5286
3770,0.5582
3771,0.6589
3772,0.5426
3773,0.5255
3774,0.5508
3775,0.7081
3776,0.596
3777,0.5679
3778,0.5265
3779,0.6557
3780,0.526
3781,0.5186
3782,0.5075
3783,0.5918
3784,0.6163
3785,0.4865
3786,0.5608
3787,0.484
3788,0.5209
3789,0.9136
3790,0.4971
3791,0.5158
3792,0.5598
3793,0.5938
3794,0.5085
3795,0.572
3796,0.5522
3797,0.5183
3798,0.5215
3799,0.5572
3800,0.5257
3801,0.7382
3802,0.6198
3803,0.9577
3804,0.5268
3805,0.8527
3806,0.5132
3807,0.5347
3808,0.5572
3809,0.5269
3810,0.5734
3811,0.5701
3812,0.5257
3813,0.5673
3814,0.5395
3815,0.5747
3816,0.5252
3817,0.6138
3818,0.576
3819,0.5358
3820,0.5252
3821,0.5299
3822,0.6096
3823,0.526
3824,0.518
3825,0.5136
3826,0.5394
3827,0.5428
3828,0.6309
3829,0.5188
3830,0.5112
3831,0.6225
3832,0.5928
3833,0.5585
3834,0.5136
3835,0.5258
3836,0.7239
3837,0.5153
3838,0.7283
3839,0.3776
3840,0.5467
3841,0.487
3842,0.114
3843,0.5651
3844,0.501
3845,0.5735
3846,0.8686
3847,0.557
3848,0.5687
3849,0.5323
3850,0.586
3851,0.1082
3852,0.5257
3853,0.7421
3854,0.5725
3855,0.4924
3856,0.4715
3857,0.5532
3858,0.5405
3859,0.6335
3860,0.6235
3861,0.5663
3862,0.5384
3863,0.4928
3864,0.4766
3865,0.5372
3866,0.5445
3867,0.5809
3868,0.5759
3869,0.5282
3870,0.5077
3871,0.5277
3872,0.5233
3873,0.6391
3874,0.5237
3875,0.5499
3876,0.5397
3877,0.6688
3878,0.5084
3879,0.5169
3880,0.5359
3881,0.5837
3882,0.7905
3883,0.5074
3884,0.663
3885,0.7245
3886,0.7051
3887,0.5647
3888,0.5551
3889,0.5305
3890,0.55
3891,0.5512
3892,0.5737
3893,0.5368
3894,0.5689
3895,0.6233
3896,0.508
3897,0.6422
3898,0.5005
3899,0.683
3900,0.545
3901,0.5373
3902,0.7502
3903,0.5321
3904,0.6386
3905,0.5457
3906,0.5429
3907,0.5284
3908,0.1101
3909,0.5546
3910,0.5
3911,0.4903
3912,0.4875
3913,0.8941
3914,0.8314
3915,0.5371
3916,0.607
3917,0.5448
3918,0.5928
3919,0.6269
3920,0.7676
3921,0.5463
3922,0.6237
3923,0.5022
3924,0.9447
3925,0.5177
3926,0.5672
3927,0.5747
3928,0.5823
3929,0.5211
3930,0.726
3931,0.4772
3932,0.4029
3933,0.3694
3934,0.3781
3935,0.4016
3936,0.3479
3937,0.3629
3938,0.4781
3939,0.5321
3940,0.5945
3941,0.6694
3942,0.511
3943,0.54
3944,0.5206
3945,0.501
3946,0.5393
3947,0.5361
3948,0.5209
3949,0.5061
3950,0.5187
3951,0.6045
3952,0.8954
3953,0.5332
3954,0.5215
3955,0.6696
3956,0.7209
3957,0.5484
3958,0.5213
3959,0.4845
3960,0.556
3961,0.5388
3962,0.513
3963,0.566
3964,0.5132
3965,0.5921
3966,0.5529
3967,0.5381
3968,0.5833
3969,0.559
3970,0.856
3971,0.5657
3972,0.5175
3973,0.5917
3974,0.533
3975,0.6859
3976,0.5399
3977,0.5257
3978,0.5325
3979,0.1095
3980,0.3643
3981,0.5842
3982,0.4979
3983,0.5504
3984,0.5965
3985,0.7402
3986,0.5316
3987,0.5599
3988,0.5542
3989,0.6791
3990,0.5357
3991,0.4959
3992,0.6187
3993,0.5169
3994,0.5697
3995,0.5595
3996,0.5053
3997,0.5389
3998,0.5283
3999,0.5233
4000,0.5653
4001,0.6242
4002,0.5984
4003,0.5118
4004,0.4709
4005,0.5059
4006,0.5381
4007,0.5373
4008,0.5497
4009,0.5158
4010,0.4779
4011,0.5424
4012,0.5811
4013,0.4933
4014,0.5709
4015,0.5374
4016,0.6753
4017,0.6077
4018,0.4911
4019,0.526
4020,0.5423
4021,0.5301
4022,0.5774
4023,0.5527
4024,0.572
4025,0.6265
4026,0.539
4027,0.5198
4028,0.5243
4029,0.5193
4030,0.5611
4031,0.5107
4032,0.5001
4033,0.9478
4034,0.5048
4035,0.9104
4036,0.8639
4037,0.5749
4038,0.565
4039,0.5555
4040,0.6409
4041,0.5245
4042,0.5185
4043,0.5591
4044,0.485
4045,0.507
4046,0.5014
4047,0.5277
4048,0.6404
4049,0.5249
4050,0.7357
4051,0.5812
4052,0.6276
4053,0.4716
4054,0.5931
4055,0.4723
4056,0.6183
4057,0.4965
4058,0.7095
4059,0.9733
4060,0.4818
4061,0.4587
4062,0.5735
4063,0.4675
4064,0.6234
4065,0.4639
4066,0.486
4067,0.8991
4068,0.5598
4069,0.6348
4070,0.2311
4071,0.1605
4072,0.2468
4073,0.5299
4074,0.5726
4075,0.55
4076,0.5385
4077,0.5224
4078,0.5957
4079,0.5004
4080,0.5505
4081,0.5471
4082,0.5734
4083,0.5985
4084,0.4953
4085,0.5194
4086,0.5255
4087,0.5688
4088,0.6274
4089,0.4882
4090,0.5962
4091,0.5331
4092,0.5516
4093,0.7264
4094,0.4959
4095,0.5192
4096,0.4932
4097,0.5352
4098,0.4909
4099,0.5035
4100,0.5383
4101,0.5227
4102,0.5351
4103,0.4912
4104,0.5072
4105,0.5491
4106,0.793
4107,0.5151
4108,0.6739
4109,0.5615
4110,0.5092
4111,0.53
4112,0.497
4113,0.4952
4114,0.5415
4115,0.5148
4116,0.7077
4117,0.5412
4118,0.4822
4119,0.5896
4120,0.5279
4121,0.5286
4122,0.5924
4123,0.6611
4124,0.606
4125,0.5333
4126,0.5737
4127,0.7303
4128,0.5393
4129,0.5219
4130,0.5263
4131,0.4971
4132,0.5689
4133,0.551
4134,0.5827
4135,0.4503
4136,0.5588
4137,0.4933
4138,0.2353
4139,0.1336
4140,0.1119
4141,0.1889
4142,0.5272
4143,0.3011
4144,0.6815
4145,0.5639
4146,0.5192
4147,0.5336
4148,0.5923
4149,0.6166
4150,0.4923
4151,0.4788
4152,0.5813
4153,0.4806
4154,0.5308
4155,0.4336
4156,0.533
4157,0.6454
4158,0.7634
4159,0.5379
4160,0.5486
4161,0.474
4162,0.5567
4163,0.4811
4164,0.4734
4165,0.4754
4166,0.4719
4167,0.1801
4168,0.4601
4169,0.5062
4170,0.4839
4171,0.9696
4172,0.5499
4173,0.5275
4174,0.6832
4175,0.9648
4176,0.5733
4177,0.5814
4178,0.5333
4179,0.4983
4180,0.5459
4181,0.3939
4182,0.5455
4183,0.1239
4184,0.5193
4185,0.5413
4186,0.4843
4187,0.3289
4188,0.4111
4189,0.1721
4190,0.574
4191,0.6777
4192,0.5681
4193,0.5266
4194,0.5375
4195,0.5275
4196,0.4815
4197,0.499
4198,0.5179
4199,0.5796
4200,0.6509
4201,0.5359
4202,0.4944
4203,0.823
4204,0.226
4205,0.5182
4206,0.5336
4207,0.5673
4208,0.5262
4209,0.4894
4210,0.5187
4211,0.5693
4212,0.5265
4213,0.3653
4214,0.454
4215,0.5295
4216,0.4924
4217,0.5605
4218,0.5906
4219,0.2273
4220,0.5007
4221,0.5537
4222,0.6834
4223,0.5901
4224,0.5707
4225,0.6052
4226,0.496
4227,0.5582
4228,0.4975
4229,0.4728
4230,0.5533
4231,0.5682
4232,0.4881
4233,0.7086
4234,0.4405
4235,0.2409
4236,0.4881
4237,0.6155
4238,0.5939
4239,0.5177
4240,0.5478
4241,0.5533
4242,0.6096
4243,0.517
4244,0.5533
4245,0.7454
4246,0.4958
4247,0.5359
4248,0.5707
4249,0.824
4250,0.5162
4251,0.4888
4252,0.5068
4253,0.5681
4254,0.5313
4255,0.5365
4256,0.9672
4257,0.5187
4258,0.5443
4259,0.5489
4260,0.4578
4261,0.6579
4262,0.5175
4263,0.5506
4264,0.589
4265,0.5238
4266,0.5848
4267,0.5342
4268,0.5855
4269,0.7365
4270,0.5443
4271,0.803
4272,0.5317
4273,0.519
4274,0.5394
4275,0.5708
4276,0.5547
4277,0.5155
4278,0.5286
4279,0.5531
4280,0.4895
4281,0.5707
4282,0.5395
4283,0.5276
4284,0.5349
4285,0.5762
4286,0.6692
4287,0.5348
4288,0.5528
4289,0.6289
4290,0.523
4291,0.4999
4292,0.5707
4293,0.6604
4294,0.5067
4295,0.4691
4296,0.5168
4297,0.4826
4298,0.5095
4299,0.5356
4300,0.479
4301,0.5735
4302,0.565
4303,0.521
4304,0.3054
4305,0.4842
4306,0.5031
4307,0.3186
4308,0.5642
4309,0.6107
4310,0.2061
4311,0.7117
4312,0.51
4313,0.6325
4314,0.8327
4315,0.4823
4316,0.3941
4317,0.4858
4318,0.5271
4319,0.5121
4320,0.5357
4321,0.7029
4322,0.5511
4323,0.5063
4324,0.442
4325,0.7666
4326,0.488
4327,0.9717
4328,0.5338
4329,0.5948
4330,0.5412
4331,0.5299
4332,0.5201
4333,0.581
4334,0.5525
4335,0.4751
4336,0.5389
4337,0.7007
4338,0.549
4339,0.4938
4340,0.5471
4341,0.4756
4342,0.6244
4343,0.6277
4344,0.5331
4345,0.5445
4346,0.4844
4347,0.5109
4348,0.586
4349,0.5446
4350,0.5335
4351,0.5551
4352,0.5057
4353,0.7918
4354,0.505
4355,0.5322
4356,0.5043
4357,0.5784
4358,0.5728
4359,0.482
4360,0.4834
4361,0.5748
4362,0.6166
4363,0.525
4364,0.5403
4365,0.5849
4366,0.4921
4367,0.5548
4368,0.5329
4369,0.4989
4370,0.494
4371,0.5527
4372,0.4872
4373,0.553
4374,0.5586
4375,0.4949
4376,0.5077
4377,0.6235
4378,0.4487
4379,0.5404
4380,0.4866
4381,0.4847
4382,0.5524
4383,0.5491
4384,0.6302
4385,0.5681
4386,0.8149
4387,0.4533
4388,0.5237
4389,0.4824
4390,0.4942
4391,0.5651
4392,0.5861
4393,0.4787
4394,0.5391
4395,0.1563
4396,0.4824
4397,0.5243
4398,0.5341
4399,0.4134
4400,0.4545
4401,0.426
4402,0.4971
4403,0.5502
4404,0.9727
4405,0.5537
4406,0.784
4407,0.5304
4408,0.463
4409,0.575
4410,0.4545
4411,0.5013
4412,0.5506
4413,0.5801
4414,0.552
4415,0.2805
4416,0.2123
4417,0.481
4418,0.5065
4419,0.533
4420,0.5318
4421,0.7502
4422,0.5499
4423,0.5771
4424,0.0942
4425,0.1175
4426,0.5006
4427,0.5266
4428,0.5365
4429,0.5724
4430,0.5503
4431,0.5712
4432,0.5599
4433,0.6907
4434,0.5299
4435,0.537
4436,0.5097
4437,0.6221
4438,0.9725
4439,0.4997
4440,0.6735
4441,0.6461
4442,0.4977
4443,0.5546
4444,0.5509
4445,0.8909
4446,0.5358
4447,0.6284
4448,0.5108
4449,0.6076
4450,0.5502
4451,0.5362
4452,0.6405
4453,0.6304
4454,0.628
4455,0.5316
4456,0.5946
4457,0.4856
4458,0.5346
4459,0.5506
4460,0.4698
4461,0.5286
4462,0.9766
4463,0.5313
4464,0.5214
4465,0.3506
4466,0.3343
4467,0.1187
4468,0.3732
4469,0.2781
4470,0.6655
4471,0.9748
4472,0.5411
4473,0.5116
4474,0.5912
4475,0.5568
4476,0.4888
4477,0.4995
4478,0.5539
4479,0.5477
4480,0.5006
4481,0.556
4482,0.569
4483,0.527
4484,0.4991
4485,0.6077
4486,0.53
4487,0.5277
4488,0.6242
4489,0.4942
4490,0.4961
4491,0.5796
4492,0.5752
4493,0.6107
4494,0.5944
4495,0.5508
4496,0.5144
4497,0.4938
4498,0.5005
4499,0.5056
4500,0.5704
4501,0.523
4502,0.4896
4503,0.4816
4504,0.5536
4505,0.5035
4506,0.5976
4507,0.1444
4508,0.5303
4509,0.7256
4510,0.4991
4511,0.5154
4512,0.4897
4513,0.519
4514,0.585
4515,0.5146
4516,0.5321
4517,0.6454
4518,0.5318
4519,0.4637
4520,0.6115
4521,0.527
4522,0.6433
4523,0.5655
4524,0.611
4525,0.407
4526,0.568
4527,0.7067
4528,0.5343
4529,0.4889
4530,0.4736
4531,0.528
4532,0.495
4533,0.4968
4534,0.5307
4535,0.57
4536,0.5172
4537,0.4962
4538,0.427
4539,0.4821
4540,0.5266
4541,0.5224
4542,0.464
4543,0.5015
4544,0.5501
4545,0.5941
4546,0.4866
4547,0.2675
4548,0.3929
4549,0.3022
4550,0.4017
4551,0.325
4552,0.3144
4553,0.6396
4554,0.5311
4555,0.3607
4556,0.5436
4557,0.5429
4558,0.7005
4559,0.9388
4560,0.2267
4561,0.4895
4562,0.6542
4563,0.4568
4564,0.4918
4565,0.6568
4566,0.503
4567,0.4677
4568,0.5032
4569,0.6205
4570,0.5514
4571,0.5438
4572,0.5185
4573,0.5496
4574,0.5785
4575,0.4966
4576,0.5911
4577,0.4935
4578,0.8794
4579,0.5471
4580,0.7044
4581,0.4934
4582,0.5779
4583,0.5746
4584,0.5399
4585,0.8059
4586,0.5434
4587,0.0528
4588,0.5836
4589,0.5501
4590,0.5288
4591,0.116
4592,0.5102
4593,0.5042
4594,0.4902
4595,0.5862
4596,0.558
4597,0.4954
4598,0.5628
4599,0.4805
4600,0.4899
4601,0.6159
4602,0.6607
4603,0.5003
4604,0.5628
4605,0.6485
4606,0.5907
4607,0.4949
4608,0.7665
4609,0.5376
4610,0.4967
4611,0.4831
4612,0.4939
4613,0.5208
4614,0.4773
4615,0.5327
4616,0.5697
4617,0.6624
4618,0.5064
4619,0.5917
4620,0.6134
4621,0.5152
4622,0.4885
4623,0.5388
4624,0.6882
4625,0.5381
4626,0.5171
4627,0.5229
4628,0.378
4629,0.5354
4630,0.1051
4631,0.3219
4632,0.5912
4633,0.5796
4634,0.4963
4635,0.7525
4636,0.4983
4637,0.5438
4638,0.5988
4639,0.5681
4640,0.724
4641,0.4137
4642,0.6256
4643,0.4763
4644,0.5813
4645,0.5981
4646,0.573
4647,0.4976
4648,0.6445
4649,0.4851
4650,0.4824
4651,0.2156
4652,0.542
4653,0.6316
4654,0.4993
4655,0.4628
4656,0.6218
4657,0.5675
4658,0.5039
4659,0.2382
4660,0.5457
4661,0.5356
4662,0.5065
4663,0.5579
4664,0.5891
4665,0.4743
4666,0.4559
4667,0.5782
4668,0.466
4669,0.5473
4670,0.4101
4671,0.4412
4672,0.5683
4673,0.4736
4674,0.4913
4675,0.2202
4676,0.5172
4677,0.7861
4678,0.5419
4679,0.5039
4680,0.1134
4681,0.4667
4682,0.6969
4683,0.4105
4684,0.5679
4685,0.4233
4686,0.4746
4687,0.5115
4688,0.5184
4689,0.4912
4690,0.382
4691,0.486
4692,0.4986
4693,0.5144
4694,0.505
4695,0.6037
4696,0.482
4697,0.5559
4698,0.4784
4699,0.9232
4700,0.4797
4701,0.498
4702,0.5566
4703,0.5275
4704,0.512
4705,0.5088
4706,0.5258
4707,0.4628
4708,0.5788
4709,0.5487
4710,0.4998
4711,0.5024
4712,0.2729
4713,0.2631
4714,0.51
4715,0.4957
4716,0.5202
4717,0.9212
4718,0.5071
4719,0.6753
4720,0.4989
4721,0.483
4722,0.4757
4723,0.4834
4724,0.473
4725,0.4664
4726,0.6767
4727,0.5531
4728,0.5657
4729,0.4504
4730,0.1161
4731,0.4567
4732,0.5453
4733,0.6357
4734,0.5177
4735,0.487
4736,0.4919
4737,0.5117
4738,0.4934
4739,0.5387
4740,0.5528
4741,0.3705
4742,0.4836
4743,0.8958
4744,0.4516
4745,0.4793
4746,0.4908
4747,0.4727
4748,0.502
4749,0.5699
4750,0.4973
4751,0.5002
4752,0.515
4753,0.5072
4754,0.5992
4755,0.5681
4756,0.4423
4757,0.5319
4758,0.5092
4759,0.9275
4760,0.508
4761,0.9334
4762,0.5601
4763,0.4825
4764,0.5018
4765,0.9152
4766,0.6117
4767,0.479
4768,0.5521
4769,0.5035
4770,0.4675
4771,0.5368
4772,0.4928
4773,0.595
4774,0.5028
4775,0.5985
4776,0.4854
4777,0.5039
4778,0.4944
4779,0.4704
4780,0.4675
4781,0.4908
4782,0.5357
4783,0.4761
4784,0.489
4785,0.4953
4786,0.6315
4787,0.6236
4788,0.1169
4789,0.5107
4790,0.4726
4791,0.7487
4792,0.4763
4793,0.4722
4794,0.4937
4795,0.5139
4796,0.4911
4797,0.5811
4798,0.4837
4799,0.5373
4800,0.4827
4801,0.4828
4802,0.6588
4803,0.1989
4804,0.5748
4805,0.5247
4806,0.4796
4807,0.6996
4808,0.3383
4809,0.5752
4810,0.4832
4811,0.6028
4812,0.4833
4813,0.51
4814,0.5354
4815,0.7127
4816,0.6651
4817,0.5855
4818,0.6338
4819,0.4926
4820,0.5026
4821,0.4976
4822,0.497
4823,0.1883
4824,0.456
4825,0.4947
4826,0.5464
4827,0.0875
4828,0.3227
4829,0.5155
4830,0.6215
4831,0.5599
4832,0.5405
4833,0.4938
4834,0.1691
4835,0.4481
4836,0.4997
4837,0.5202
4838,0.4764
4839,0.4955
4840,0.7569
4841,0.7455
4842,0.5029
4843,0.4871
4844,0.4945
4845,0.5062
4846,0.7412
4847,0.4768
4848,0.544
4849,0.4922
4850,0.8843
4851,0.4859
4852,0.5635
4853,0.4904
4854,0.5326
4855,0.4833
4856,0.4359
4857,0.6436
4858,0.593
4859,0.6462
4860,0.5122
4861,0.5861
4862,0.4869
4863,0.5048
4864,0.3986
4865,0.5458
4866,0.4883
4867,0.3619
4868,0.5324
4869,0.5351
4870,0.5072
4871,0.4919
4872,0.4665
4873,0.501
4874,0.5028
4875,0.5406
4876,0.5321
4877,0.5571
4878,0.4478
4879,0.5776
4880,0.4929
4881,0.5197
4882,0.5588
4883,0.4962
4884,0.4793
4885,0.6232
4886,0.5014
4887,0.5746
4888,0.4807
4889,0.451
4890,0.5007
4891,0.4832
4892,0.5267
4893,0.4662
4894,0.4994
4895,0.505
4896,0.4316
4897,0.4918
4898,0.4782
4899,0.6578
4900,0.4783
4901,0.4798
4902,0.5055
4903,0.1267
4904,0.278
4905,0.4763
4906,0.8511
4907,0.4927
4908,0.1568
4909,0.521
4910,0.6466
4911,0.4782
4912,0.5165
4913,0.4957
4914,0.4934
4915,0.6838
4916,0.4948
4917,0.4495
4918,0.5427
4919,0.4945
4920,0.7462
4921,0.5716
4922,0.5095
4923,0.6308
4924,0.4791
4925,0.495
4926,0.5152
4927,0.4971
4928,0.5627
4929,0.6137
4930,0.4922
4931,0.4919
4932,0.7721
4933,0.4897
4934,0.3888
4935,0.4876
4936,0.6619
4937,0.5437
4938,0.5511
4939,0.5924
4940,0.4984
4941,0.5088
4942,0.5777
4943,0.5002
4944,0.5812
4945,0.7079
4946,0.4158
4947,0.5542
4948,0.5858
4949,0.5835
4950,0.5239
4951,0.479
4952,0.5139
4953,0.5241
4954,0.5089
4955,0.5649
4956,0.5035
4957,0.5393
4958,0.4987
4959,0.5699
4960,0.4966
4961,0.4833
4962,0.3866
4963,0.5643
4964,0.4642
4965,0.4202
4966,0.7853
4967,0.584
4968,0.6831
4969,0.4994
4970,0.4947
4971,0.6108
4972,0.5239
4973,0.5531
4974,0.5012
4975,0.5124
4976,0.4125
4977,0.4806
4978,0.4819
4979,0.4878
4980,0.8779
4981,0.4684
4982,0.5821
4983,0.5954
4984,0.5303
4985,0.4774
4986,0.5535
4987,0.3891
4988,0.556
4989,0.5669
4990,0.8687
4991,0.5326
4992,0.4749
4993,0.5101
4994,0.0561
4995,0.6207
4996,0.4909
4997,0.4496
4998,0.5732
4999,0.5223
5000,0.4701
5001,0.5225
5002,0.5834
5003,0.4627
5004,0.6142
5005,0.0556
5006,0.5798
5007,0.5948
5008,0.4711
5009,0.505
5010,0.4906
5011,0.5558
5012,0.5079
5013,0.5247
5014,0.4893
5015,0.4938
5016,0.4722
5017,0.4897
5018,0.4879
5019,0.5932
5020,0.1763
5021,0.5034
5022,0.7477
5023,0.3597
5024,0.6881
5025,0.1085
5026,0.4782
5027,0.4977
5028,0.5439
5029,0.4724
5030,0.492
5031,0.4578
5032,0.5058
5033,0.5563
5034,0.4926
5035,0.4853
5036,0.5308
5037,0.8215
5038,0.5568
5039,0.6841
5040,0.5674
5041,0.5356
5042,0.4892
5043,0.5121
5044,0.5309
5045,0.4977
5046,0.5201
5047,0.4397
5048,0.1224
5049,0.5182
5050,0.4608
5051,0.5658
5052,0.4665
5053,0.4764
5054,0.4945
5055,0.5338
5056,0.5049
5057,0.5189
5058,0.5249
5059,0.505
5060,0.6992
5061,0.6813
5062,0.5317
5063,0.4979
5064,0.5614
5065,0.4877
5066,0.4793
5067,0.4996
5068,0.6816
5069,0.5422
5070,0.5204
5071,0.5638
5072,0.5242
5073,0.4817
5074,0.8368
5075,0.1239
5076,0.5419
5077,0.4926
5078,0.5213
5079,0.5135
5080,0.4952
5081,0.4743
5082,0.6056
5083,0.5033
5084,0.4781
5085,0.1678
5086,0.5586
5087,0.4608
5088,0.5334
5089,0.5099
5090,0.486
5091,0.4816
5092,0.5973
5093,0.4942
5094,0.4284
5095,0.4473
5096,0.6146
5097,0.1041
5098,0.5066
5099,0.4842
5100,0.503
5101,0.5149
5102,0.5342
5103,0.1625
5104,0.49
5105,0.4905
5106,0.5094
5107,0.4894
5108,0.5732
5109,0.8042
5110,0.8218
5111,0.577
5112,0.5376
5113,0.5577
5114,0.5058
5115,0.5242
5116,0.5194
5117,0.494
5118,0.5495
5119,0.3695
5120,0.4857
5121,0.5613
5122,0.3968
5123,0.2104
5124,0.661
5125,0.4912
5126,0.4912
5127,0.4481
5128,0.4777
5129,0.5783
5130,0.4804
5131,0.5006
5132,0.459
5133,0.446
5134,0.7371
5135,0.479
5136,0.4893
5137,0.3595
5138,0.5551
5139,0.7093
5140,0.5001
5141,0.4654
5142,0.5402
5143,0.4251
5144,0.4746
5145,0.6288
5146,0.5088
5147,0.5881
5148,0.547
5149,0.4487
5150,0.5211
5151,0.4485
5152,0.6496
5153,0.5476
5154,0.5515
5155,0.4692
5156,0.4565
5157,0.54
5158,0.4536
5159,0.4801
5160,0.4784
5161,0.4617
5162,0.4812
5163,0.4972
5164,0.4888
5165,0.9346
5166,0.4694
5167,0.4804
5168,0.4956
5169,0.5701
5170,0.5159
5171,0.5219
5172,0.4761
5173,0.0974
5174,0.4602
5175,0.6302
5176,0.6028
5177,0.4371
5178,0.5232
5179,0.6492
5180,0.5133
5181,0.5748
5182,0.4848
5183,0.6636
5184,0.5638
5185,0.6719
5186,0.5247
5187,0.4874
5188,0.7111
5189,0.4793
5190,0.4958
5191,0.588
5192,0.5679
5193,0.6688
5194,0.4989
5195,0.5662
5196,0.5578
5197,0.4869
5198,0.4806
5199,0.4774
5200,0.48
5201,0.9042
5202,0.5391
5203,0.5371
5204,0.8644
5205,0.3432
5206,0.5455
5207,0.2053
5208,0.6207
5209,0.483
5210,0.7249
5211,0.4881
5212,0.5147
5213,0.5335
5214,0.5032
5215,0.5698
5216,0.4851
5217,0.5072
5218,0.4977
5219,0.4824
5220,0.5167
5221,0.484
5222,0.4764
5223,0.5247
5224,0.4955
5225,0.4674
5226,0.1628
5227,0.6085
5228,0.4938
5229,0.565
5230,0.5321
5231,0.4789
5232,0.5163
5233,0.4999
5234,0.5105
5235,0.4621
5236,0.5417
5237,0.5045
5238,0.4749
5239,0.4804
5240,0.8957
5241,0.3299
5242,0.5019
5243,0.6355
5244,0.5211
5245,0.4782
5246,0.5674
5247,0.6092
5248,0.5239
5249,0.5259
5250,0.4881
5251,0.8098
5252,0.5594
5253,0.3727
5254,0.6103
5255,0.4496
5256,0.4477
5257,0.5439
5258,0.5122
5259,0.6389
5260,0.496
5261,0.5926
5262,0.5367
5263,0.4846
5264,0.8413
5265,0.5519
5266,0.5009
5267,0.5183
5268,0.6429
5269,0.5029
5270,0.4785
5271,0.4863
5272,0.5022
5273,0.5828
5274,0.5093
5275,0.4916
5276,0.4551
5277,0.5065
5278,0.7155
5279,0.5165
5280,0.9667
5281,0.506
5282,0.4863
5283,0.6635
5284,0.5252
5285,0.1689
5286,0.9501
5287,0.4881
5288,0.4922
5289,0.5897
5290,0.4816
5291,0.4893
5292,0.4777
5293,0.4744
5294,0.5782
5295,0.4964
5296,0.1296
5297,0.5459
5298,0.5455
5299,0.4817
5300,0.5887
5301,0.4904
5302,0.5695
5303,0.6507
5304,0.5236
5305,0.5068
5306,0.5144
5307,0.5091
5308,0.6482
5309,0.6878
5310,0.5432
5311,0.5476
5312,0.742
5313,0.7971
5314,0.5229
5315,0.3718
5316,0.1309
5317,0.7795
5318,0.4411
5319,0.5261
5320,0.5016
5321,0.5079
5322,0.5072
5323,0.9471
5324,0.5018
5325,0.576
5326,0.4761
5327,0.3269
5328,0.5159
5329,0.5282
5330,0.4882
5331,0.5005
5332,0.4933
5333,0.5006
5334,0.8098
5335,0.7387
5336,0.5087
5337,0.5302
5338,0.7038
5339,0.4887
5340,0.6025
5341,0.7267
5342,0.5157
5343,0.433
5344,0.7878
5345,0.5251
5346,0.4947
5347,0.4885
5348,0.5101
5349,0.1525
5350,0.5585
5351,0.9255
5352,0.5077
5353,0.5226
5354,0.5576
5355,0.5705
5356,0.4822
5357,0.9119
5358,0.6402
5359,0.5059
5360,0.5517
5361,0.4984
5362,0.5126
5363,0.5405
5364,0.513
5365,0.9647
5366,0.5374
5367,0.5445
5368,0.5738
5369,0.4967
5370,0.5106
5371,0.5072
5372,0.4795
5373,0.6068
5374,0.47
5375,0.5848
5376,0.5252
5377,0.5152
5378,0.6476
5379,0.489
5380,0.4978
5381,0.5116
5382,0.535
5383,0.4794
5384,0.3055
5385,0.4719
5386,0.3523
5387,0.7682
5388,0.5495
5389,0.6205
5390,0.4836
5391,0.5379
5392,0.636
5393,0.5299
5394,0.5619
5395,0.508
5396,0.5069
5397,0.4975
5398,0.5195
5399,0.6478
5400,0.5008
5401,0.843
5402,0.7517
5403,0.5328
5404,0.4971
5405,0.645
5406,0.8413
5407,0.5091
5408,0.4648
5409,0.5527
5410,0.5251
5411,0.5224
5412,0.5511
5413,0.504
5414,0.4475
5415,0.5083
5416,0.5317
5417,0.5048
5418,0.3968
5419,0.5133
5420,0.5018
5421,0.4553
5422,0.786
5423,0.5456
5424,0.5106
5425,0.4893
5426,0.9024
5427,0.4912
5428,0.522
5429,0.5561
5430,0.533
5431,0.0718
5432,0.5429
5433,0.4873
5434,0.4698
5435,0.554
5436,0.4853
5437,0.6082
5438,0.4892
5439,0.6034
5440,0.5146
5441,0.4897
5442,0.4588
5443,0.708
5444,0.4938
5445,0.506
5446,0.4794
5447,0.5548
5448,0.4712
5449,0.5161
5450,0.5256
5451,0.5247
5452,0.4155
5453,0.5256
5454,0.5709
5455,0.5138
5456,0.5034
5457,0.4434
5458,0.8236
5459,0.7424
5460,0.6234
5461,0.5104
5462,0.5321
5463,0.5476
5464,0.5394
5465,0.5644
5466,0.6163
5467,0.6578
5468,0.6512
5469,0.5506
5470,0.5954
5471,0.5465
5472,0.5282
5473,0.599
5474,0.5294
5475,0.552
5476,0.542
5477,0.5969
5478,0.6133
5479,0.5476
5480,0.6364
5481,0.5487
5482,0.5575
5483,0.6039
5484,0.4075
5485,0.9628
5486,0.4072
5487,0.5874
5488,0.5477
5489,0.6737
5490,0.5106
5491,0.5601
5492,0.5587
5493,0.5345
5494,0.516
5495,0.5567
5496,0.5039
5497,0.6349
5498,0.5322
5499,0.5427
5500,0.4493
5501,0.4839
5502,0.4974
5503,0.5207
5504,0.5012
5505,0.4974
5506,0.527
5507,0.5044
5508,0.5019
5509,0.5193
5510,0.4952
5511,0.6958
5512,0.628
5513,0.5593
5514,0.4949
5515,0.5783
5516,0.5325
5517,0.5905
5518,0.5052
5519,0.5892
5520,0.6175
5521,0.4554
5522,0.5464
5523,0.3979
5524,0.4745
5525,0.4922
5526,0.5342
5527,0.4109
5528,0.5412
5529,0.4238
5530,0.5448
5531,0.5271
5532,0.5902
5533,0.4986
5534,0.5186
5535,0.5314
5536,0.5374
5537,0.2738
5538,0.5443
5539,0.5541
5540,0.3809
5541,0.5786
5542,0.5162
5543,0.5062
5544,0.5759
5545,0.5306
5546,0.5354
5547,0.5359
5548,0.4755
5549,0.4715
5550,0.4729
5551,0.5522
5552,0.771
5553,0.5334
5554,0.5824
5555,0.5867
5556,0.5249
5557,0.5956
5558,0.5351
5559,0.5747
5560,0.4997
5561,0.937
5562,0.4688
5563,0.4909
5564,0.3406
5565,0.1314
5566,0.1989
5567,0.2356
5568,0.5903
5569,0.8912
5570,0.9013
5571,0.5196
5572,0.6321
5573,0.5156
5574,0.5239
5575,0.5043
5576,0.571
5577,0.9176
5578,0.6994
5579,0.5186
5580,0.4795
5581,0.4903
5582,0.5682
5583,0.547
5584,0.5023
5585,0.4152
5586,0.4921
5587,0.4937
5588,0.5928
5589,0.533
5590,0.5289
5591,0.5251
5592,0.4584
5593,0.8185
5594,0.5512
5595,0.5582
5596,0.485
5597,0.578
5598,0.5375
5599,0.57
5600,0.5379
5601,0.5396
5602,0.5295
5603,0.5837
5604,0.5233
5605,0.5731
5606,0.6233
5607,0.6352
5608,0.5073
5609,0.5151
5610,0.449
5611,0.5318
5612,0.5831
5613,0.4922
5614,0.5079
5615,0.5944
5616,0.621
5617,0.4502
5618,0.5451
5619,0.5143
5620,0.5105
5621,0.6884
5622,0.6147
5623,0.5868
5624,0.5033
5625,0.6263
5626,0.5125
5627,0.5179
5628,0.5158
5629,0.5096
5630,0.5911
5631,0.5459
5632,0.5131
5633,0.5147
5634,0.5128
5635,0.5087
5636,0.5298
5637,0.6087
5638,0.5236
5639,0.542
5640,0.5727
5641,0.6433
5642,0.5415
5643,0.5404
5644,0.5676
5645,0.5332
5646,0.0123
5647,0.5667
5648,0.5383
5649,0.5652
5650,0.5942
5651,0.5539
5652,0.5364
5653,0.5438
5654,0.534
5655,0.5016
5656,0.5876
5657,0.6564
5658,0.8298
5659,0.5811
5660,0.5299
5661,0.5241
5662,0.6292
5663,0.5709
5664,0.5739
5665,0.6205
5666,0.5922
5667,0.6447
5668,0.5059
5669,0.5709
5670,0.6425
5671,0.5262
5672,0.5685
5673,0.5267
5674,0.796
5675,0.4265
5676,0.5485
5677,0.4896
5678,0.6557
5679,0.5238
5680,0.4706
5681,0.4942
5682,0.7647
5683,0.4742
5684,0.5138
5685,0.5372
5686,0.6124
5687,0.68
5688,0.5128
5689,0.5062
5690,0.5856
5691,0.4801
5692,0.5708
5693,0.55
5694,0.5882
5695,0.5269
5696,0.4984
5697,0.5189
5698,0.9525
5699,0.4883
5700,0.5198
5701,0.4978
5702,0.6292
5703,0.5917
5704,0.6972
5705,0.4932
5706,0.7487
5707,0.5133
5708,0.5862
5709,0.6523
5710,0.5156
5711,0.9346
5712,0.489
5713,0.7131
5714,0.631
5715,0.5212
5716,0.4722
5717,0.461
5718,0.5735
5719,0.4749
5720,0.5064
5721,0.505
5722,0.6096
5723,0.5838
5724,0.5051
5725,0.5094
5726,0.4823
5727,0.5064
5728,0.4651
5729,0.6989
5730,0.592
5731,0.5319
5732,0.5526
5733,0.5692
5734,0.537
5735,0.5588
5736,0.5842
5737,0.4935
5738,0.5182
5739,0.5519
5740,0.6937
5741,0.5083
5742,0.6294
5743,0.9258
5744,0.493
5745,0.588
5746,0.5454
5747,1.0
5748,0.931
5749,0.5581
5750,0.534
5751,0.5854
5752,0.5173
5753,0.5676
5754,0.6273
5755,0.5529
5756,0.5293
5757,0.5076
5758,0.4846
5759,0.5046
5760,0.5316
5761,0.7228
5762,0.7239
5763,0.4888
5764,0.6284
5765,0.5538
5766,0.4905
5767,0.4674
5768,0.4644
5769,0.6719
5770,0.5058
5771,0.5547
5772,0.4941
5773,0.523
5774,0.4609
5775,0.4685
5776,0.5409
5777,0.4851
5778,0.5882
5779,0.4244
5780,0.5088
5781,0.5013
5782,0.5207
5783,0.506
5784,0.4553
5785,0.6265
5786,0.4906
5787,0.5585
5788,0.9114
5789,0.5015
5790,0.4885
5791,0.5364
5792,0.8022
5793,0.6554
5794,0.4839
5795,0.5762
5796,0.4558
5797,0.8744
5798,0.8024
5799,0.4551
5800,0.5097
5801,0.4851
5802,0.4583
5803,0.5808
5804,0.5466
5805,0.4829
5806,0.4926
5807,0.9251
5808,0.5287
5809,0.5036
5810,0.4987
5811,0.6152
5812,0.5558
5813,0.4877
5814,0.4516
5815,0.1263
5816,0.4677
5817,0.5071
5818,0.7038
5819,0.5173
5820,0.6011
5821,0.4832
5822,0.5314
5823,0.5546
5824,0.4864
